locality,scientificNameID,scientificName
Nagelelevu Lagoon' Lagoon seabed about 1 mile west of island,1,Dactylia delicata
"Nagelelevu Lagoon' Northwest tip of barrier reef, outer slope",2,Dysidea lizardensis
Vanua Levu 'Great Barrier Reef' west of Ravi Ravi channel barrier reef outer slope,2,Dysidea lizardensis
Vanua Levu Ravi Ravi channel eastern edge of pass near outlet,2,Dysidea lizardensis
Kandavu 'Pearl reef' Outer slope of barrier reef southern tip,3,Platycladia palmatifida
Vanua Levu Kakaulevu Reef northern edge east of Kia Island (inner part of bend),1365,Alcyonacea sp.
Vanua Levu Outer slope of barrier reef west of 'Sau Sau Pass',1365,Alcyonacea sp.
Kandavu 'Pearl reef' Outer slope of barrier reef  eastern tip,103483,Ascidia
Kandavu 'Pearl reef' Outer slope of barrier reef southern tip,103483,Ascidia
Kandavu Galoa Harbour Outer slope of barrier reef,103483,Ascidia
Nagelelevu Lagoon' First small pass southwest of barrier reef before 'Rendell Channel',103483,Ascidia
Nagelelevu Lagoon' Lagoon seabed about 1 mile west of island,103483,Ascidia
Nukusemanu reef Outer slope north of atoll,103483,Ascidia
Vanua Levu 'Great Barrier Reef' west of Ravi Ravi channel barrier reef outer slope,103483,Ascidia
Vanua Levu Kakaulevu Reef northern edge east of Kia Island,103483,Ascidia
Vanua Levu Kakaulevu Reef northern edge east of Kia Island (inner part of bend),103483,Ascidia
Vanua Levu Kakaulevu Reef western edge across from Kia Island,103483,Ascidia
Vanua Levu Outer slope of barrier reef west of 'Sau Sau Pass',103483,Ascidia
Vanua Levu Ravi Ravi channel eastern edge of pass near outlet,103483,Ascidia
Vanua Levu Western slope of Kakaulau Reef,103483,Ascidia
Bud reef' Lagoon pinnacle across from Yavu Island,131707,Pericharax sp.
Nagelelevu Lagoon' Outer slope north of 'Toulalia' Island,131707,Pericharax sp.
Vanua Levu Kakaulevu Reef northern edge east of Kia Island,131707,Pericharax sp.
Vanua Levu Kakaulevu Reef western edge across from Kia Island,131707,Pericharax sp.
"Vanua Levu Outer slope of Cakaunikuita barrier reef 5.5 miles west of the pass, near tip.",131707,Pericharax sp.
Vanua Levu Ravi Ravi channel eastern edge of pass near outlet,131707,Pericharax sp.
Ngau Outer slope of barrier reef across from village,131731,Leucetta sp.
Nukusemanu reef Outer slope north of atoll,131731,Leucetta sp.
Vanua Levu Kakaulevu Reef northern edge east of Kia Island (inner part of bend),131731,Leucetta sp.
Vanua Levu Outer slope of barrier reef west of 'Sau Sau Pass',131731,Leucetta sp.
Nagelelevu Lagoon' First small pass southwest of barrier reef before 'Rendell Channel',131738,Aplysilla sp.
Vanua Levu Western slope of Kakaulau Reef,131738,Aplysilla sp.
Bud reef' Lagoon pinnacle across from Yavu Island,131745,Dysidea sp.
Bud reef' Nananikita bud reef  eastern edge,131745,Dysidea sp.
Ile Yanuca Along coast at northern tip of island,131745,Dysidea sp.
Kandavu 'Pearl reef' Outer slope of barrier reef  eastern tip,131745,Dysidea sp.
Kandavu Galoa Harbour Outer slope of barrier reef,131745,Dysidea sp.
Nagelelevu Lagoon' Outer slope north of 'Toulalia' Island,131745,Dysidea sp.
Nagelelevu Lagoon' Outer slope north of Ngelelevu Island,131745,Dysidea sp.
Nanuku reef North-west of lagoon,131745,Dysidea sp.
Nukusemanu reef Outer slope north of atoll,131745,Dysidea sp.
Vanua Levu Outer slope of barrier reef west of 'Sau Sau Pass',131745,Dysidea sp.
"Vanua Levu Outer slope of Cakaunikuita barrier reef 5.5 miles west of the pass, near tip.",131745,Dysidea sp.
"Nagelelevu Lagoon' Northwest tip of barrier reef, outer slope",131751,Ircinia sp.
Nagelelevu Lagoon' Outer slope north of 'Toulalia' Island,131751,Ircinia sp.
Vanua Levu Kakaulevu Reef western edge across from Kia Island,131751,Ircinia sp.
Vanua Levu Outer slope of barrier reef west of 'Sau Sau Pass',131751,Ircinia sp.
Heemskercq reef Outer slope of immerged barrier reef north of Nanuku Reef,131759,Spongia sp.
Ile Yanuca Along coast at northern tip of island,131759,Spongia sp.
Nagelelevu Lagoon' First small pass southwest of barrier reef before 'Rendell Channel',131759,Spongia sp.
Nanuku reef North-west of lagoon,131759,Spongia sp.
Kandavu Galoa Harbour Outer slope of barrier reef,131761,Aplysinopsis sp.
Nagelelevu Lagoon' First small pass southwest of barrier reef before 'Rendell Channel',131761,Aplysinopsis sp.
"Nagelelevu Lagoon' Northwest tip of barrier reef, outer slope",131761,Aplysinopsis sp.
Vanua Levu 'Great Barrier Reef' west of Ravi Ravi channel barrier reef outer slope,131761,Aplysinopsis sp.
Vanua Levu Kakaulevu Reef northern edge east of Kia Island,131761,Aplysinopsis sp.
Vanua Levu Kakaulevu Reef western edge across from Kia Island,131761,Aplysinopsis sp.
Vanua Levu Outer slope of barrier reef west of 'Sau Sau Pass',131761,Aplysinopsis sp.
"Vanua Levu Outer slope of Cakaunikuita barrier reef 5.5 miles west of the pass, near tip.",131761,Aplysinopsis sp.
Vanua Levu Ravi Ravi channel eastern edge of pass near outlet,131761,Aplysinopsis sp.
Kandavu Galoa Harbour Outer slope of barrier reef,131762,Cacospongia sp.
Nagelelevu Lagoon' Outer slope north of 'Toulalia' Island,131762,Cacospongia sp.
Vanua Levu 'Great Barrier Reef' west of Ravi Ravi channel barrier reef outer slope,131762,Cacospongia sp.
Vanua Levu Outer slope of barrier reef west of 'Sau Sau Pass',131762,Cacospongia sp.
"Vanua Levu Outer slope of Cakaunikuita barrier reef 5.5 miles west of the pass, near tip.",131762,Cacospongia sp.
Vanua Levu Reef in channel between Lawake Island and Namoli Reef,131762,Cacospongia sp.
Nagelelevu Lagoon' Outer slope north of Ngelelevu Island,131767,Hyrtios sp.
Vanua Levu 'Great Barrier Reef' west of Ravi Ravi channel barrier reef outer slope,131767,Hyrtios sp.
Vanua Levu Kakaulevu Reef northern edge east of Kia Island,131767,Hyrtios sp.
Vanua Levu Kakaulevu Reef northern edge east of Kia Island (in bend),131767,Hyrtios sp.
Vanua Levu Kakaulevu Reef northern edge east of Kia Island (inner part of bend),131767,Hyrtios sp.
Vanua Levu Kakaulevu Reef western edge across from Kia Island,131767,Hyrtios sp.
Vanua Levu Outer slope of barrier reef west of 'Sau Sau Pass',131767,Hyrtios sp.
Vanua Levu Ravi Ravi channel eastern edge of pass near outlet,131767,Hyrtios sp.
Vanua Levu Reef in channel between Lawake Island and Namoli Reef,131771,Agelas sp. nov
Nagelelevu Lagoon' Outer slope north of 'Toulalia' Island,131776,Cribrochalina sp.
Vanua Levu Kakaulevu Reef northern edge east of Kia Island (in bend),131776,Cribrochalina sp.
Vanua Levu Kakaulevu Reef northern edge east of Kia Island (inner part of bend),131776,Cribrochalina sp.
"Vanua Levu Outer slope of Cakaunikuita barrier reef 5.5 miles west of the pass, near tip.",131776,Cribrochalina sp.
Vanua Levu Lagoon between 'Cakaulevu' barrier reef and 'Vuata Reef',131781,Stylissa sp.
Nukusemanu reef Outer slope north of atoll,131802,Axinyssa sp.
Vanua Levu N-NW slope of Laukotolailai Reef,131802,Axinyssa sp.
"Vanua Levu Outer slope of Cakaunikuita barrier reef 5.5 miles west of the pass, near tip.",131802,Axinyssa sp.
Vanua Levu Reef in channel between Lawake Island and Namoli Reef,131802,Axinyssa sp.
Bud reef' Lagoon pinnacle across from Yavu Island,131825,Callyspongia sp.
Nanuku reef North-west of lagoon,131825,Callyspongia sp.
Vanua Levu 'Great Barrier Reef' west of Ravi Ravi channel barrier reef outer slope,131825,Callyspongia sp.
Vanua Levu N-NW slope of Laukotolailai Reef,131825,Callyspongia sp.
Vanua Levu Reef in channel between Lawake Island and Namoli Reef,131825,Callyspongia sp.
Vanua Levu Western slope of Kakaulau Reef,131834,Haliclona sp.
Nukusemanu reef Outer slope north of atoll,131842,Gelliodes sp.
Nukusemanu reef Outer slope north of atoll,131847,Petrosia sp.
Vanua Levu N-NW slope of Laukotolailai Reef,131847,Petrosia sp.
Vanua Levu Outer slope of barrier reef west of 'Sau Sau Pass',131847,Petrosia sp.
Vanua Levu Reef in channel between Lawake Island and Namoli Reef,131847,Petrosia sp.
Nagelelevu Lagoon' First small pass southwest of barrier reef before 'Rendell Channel',131849,Xestospongia sp.
"Nagelelevu Lagoon' Northwest tip of barrier reef, outer slope",131849,Xestospongia sp.
Nagelelevu Lagoon' Outer slope north of 'Toulalia' Island,131849,Xestospongia sp.
Nagelelevu Lagoon' Outer slope north of Ngelelevu Island,131849,Xestospongia sp.
Vanua Levu 'Great Barrier Reef' west of Ravi Ravi channel barrier reef outer slope,131849,Xestospongia sp.
Vanua Levu Kakaulevu Reef northern edge east of Kia Island,131849,Xestospongia sp.
Vanua Levu Outer slope of barrier reef west of 'Sau Sau Pass',131849,Xestospongia sp.
Vanua Levu Kakaulevu Reef northern edge east of Kia Island (inner part of bend),131852,Oceanapia sp.
Vanua Levu N-NW slope of Laukotolailai Reef,131852,Oceanapia sp.
Vanua Levu Outer slope of barrier reef west of 'Sau Sau Pass',131852,Oceanapia sp.
Vanua Levu Reef in channel between Lawake Island and Namoli Reef,131852,Oceanapia sp.
Nagelelevu Lagoon' Lagoon seabed about 1 mile west of island,131912,Ulosa sp.
Ile Yanuca Along coast at northern tip of island,131999,Jaspis sp.
Ngau Outer slope of barrier reef across from village,131999,Jaspis sp.
Nukusemanu reef Outer slope north of atoll,131999,Jaspis sp.
Bud reef' Lagoon pinnacle across from Yavu Island,132022,Chondrosia sp.
Nagelelevu Lagoon' Outer slope north of 'Toulalia' Island,132022,Chondrosia sp.
Nagelelevu Lagoon' Outer slope north of Ngelelevu Island,132022,Chondrosia sp.
Ngau Outer slope of barrier reef across from village,132022,Chondrosia sp.
Vanua Levu Outer slope of barrier reef west of 'Sau Sau Pass',132022,Chondrosia sp.
Bud reef' Lagoon pinnacle across from Yavu Island,132286,Leucetta solida
Bud reef' Lagoon pinnacle across from Yavu Island,132286,Leucetta solida
Nanuku reef North-west of lagoon,132286,Leucetta solida
Vanua Levu Kakaulevu Reef northern edge east of Kia Island,132286,Leucetta solida
Vanua Levu Kakaulevu Reef northern edge east of Kia Island (in bend),132286,Leucetta solida
Vanua Levu Kakaulevu Reef northern edge east of Kia Island (in bend),132286,Leucetta solida
Vanua Levu Kakaulevu Reef northern edge east of Kia Island (inner part of bend),132286,Leucetta solida
Vanua Levu Kakaulevu Reef northern edge east of Kia Island (inner part of bend),132286,Leucetta solida
"Vanua Levu Outer slope of Cakaunikuita barrier reef 5.5 miles west of the pass, near tip.",132286,Leucetta solida
Vanua Levu Ravi Ravi channel eastern edge of pass near outlet,132286,Leucetta solida
Bud reef' Lagoon pinnacle across from Yavu Island,132309,Darwinella cf. intermedia
Vanua Levu 'Great Barrier Reef' west of Ravi Ravi channel barrier reef outer slope,132321,Dysidea cf. avara
Vanua Levu Western slope of Kakaulau Reef,132321,Dysidea cf. avara
Bud reef' Lagoon pinnacle across from Yavu Island,132326,Dysidea cf. pallescens
Kandavu 'Pearl reef' Outer slope of barrier reef  eastern tip,132326,Dysidea cf. pallescens
Kandavu Galoa Harbour Outer slope of barrier reef,132326,Dysidea cf. pallescens
Nagelelevu Lagoon' First small pass southwest of barrier reef before 'Rendell Channel',132326,Dysidea cf. pallescens
Nagelelevu Lagoon' Lagoon seabed about 1 mile west of island,132326,Dysidea cf. pallescens
Vanua Levu 'Great Barrier Reef' west of Ravi Ravi channel barrier reef outer slope,132326,Dysidea cf. pallescens
Vanua Levu Kakaulevu Reef western edge across from Kia Island,132326,Dysidea cf. pallescens
Vanua Levu Outer slope of barrier reef west of 'Sau Sau Pass',132326,Dysidea cf. pallescens
Nagelelevu Lagoon' Outer slope north of Ngelelevu Island,143816,Caulerpa sp.
Vanua Levu Kakaulevu Reef northern edge east of Kia Island (in bend),143820,Halimeda copiosa
Vanua Levu Kakaulevu Reef northern edge east of Kia Island (inner part of bend),143820,Halimeda copiosa
Vanua Levu Reef in channel between Lawake Island and Namoli Reef,143820,Halimeda copiosa
Vanua Levu Western slope of Kakaulau Reef,143820,Halimeda copiosa
Bud reef' Nananikita bud reef  eastern edge,143823,Rhipilia sp. 2
Heemskercq reef Outer slope of immerged barrier reef north of Nanuku Reef,143823,Rhipilia sp. 2
Heemskercq reef Outer slope of immerged barrier reef north of Nanuku Reef,143822,Rhipilia sp. 1
Nagelelevu Lagoon' First small pass southwest of barrier reef before 'Rendell Channel',143823,Rhipilia sp. 2
Nagelelevu Lagoon' Lagoon seabed about 1 mile west of island,143823,Rhipilia sp. 2
"Nagelelevu Lagoon' Northwest tip of barrier reef, outer slope",143822,Rhipilia sp. 1
"Nagelelevu Lagoon' Northwest tip of barrier reef, outer slope",143823,Rhipilia sp. 2
Nagelelevu Lagoon' Outer slope north of 'Toulalia' Island,143822,Rhipilia sp. 1
Nagelelevu Lagoon' Outer slope north of 'Toulalia' Island,143823,Rhipilia sp. 2
Nagelelevu Lagoon' Outer slope north of Ngelelevu Island,143823,Rhipilia sp. 2
Nagelelevu Lagoon' Outer slope north of Ngelelevu Island,143822,Rhipilia sp. 1
Nanuku reef North-west of lagoon,143822,Rhipilia sp. 1
Nanuku reef North-west of lagoon,143823,Rhipilia sp. 2
Nukusemanu reef Outer slope north of atoll,143823,Rhipilia sp. 2
Nukusemanu reef Outer slope north of atoll,143822,Rhipilia sp. 1
Vanua Levu Kakaulevu Reef northern edge east of Kia Island (in bend),143822,Rhipilia sp. 1
"Vanua Levu Outer slope of Cakaunikuita barrier reef 5.5 miles west of the pass, near tip.",143823,Rhipilia sp. 2
Nagelelevu Lagoon' Outer slope north of Ngelelevu Island,143906,Chondria sp.
Vanua Levu Outer slope of barrier reef west of 'Sau Sau Pass',143906,Chondria sp.
Vanua Levu Kakaulevu Reef flat outer slope,143914,Laurencia sp.
Nanuku reef North-west of lagoon,143996,Cladophora sp.
Nukusemanu reef Outer slope north of atoll,143996,Cladophora sp.
Vanua Levu Kakaulevu Reef flat outer slope,144011,Hydrolithon
Vanua Levu Kakaulevu Reef northern edge east of Kia Island (inner part of bend),144019,Melobesia
Ile Yanuca Along coast at northern tip of island,144023,Pneophyllum
Ngau Outer slope of barrier reef across from village,144023,Pneophyllum
Vanua Levu Kakaulevu Reef northern edge east of Kia Island (inner part of bend),144023,Pneophyllum
Bud reef' Nananikita bud reef  eastern edge,144027,Titanoderma
Nagelelevu Lagoon' Outer slope north of 'Toulalia' Island,144027,Titanoderma
Ngau Outer slope of barrier reef across from village,144028,Sporolithon
Bud reef' Lagoon pinnacle across from Yavu Island,144045,Halymenia sp.
Nukusemanu reef Outer slope north of atoll,144045,Halymenia sp.
"Vanua Levu Outer slope of Cakaunikuita barrier reef 5.5 miles west of the pass, near tip.",144045,Halymenia sp.
Kandavu 'Pearl reef' Outer slope of barrier reef southern tip,144051,Peyssonnelia sp.
Vanua Levu Kakaulevu Reef northern edge east of Kia Island,144051,Peyssonnelia sp.
Vanua Levu Kakaulevu Reef northern edge east of Kia Island (in bend),144051,Peyssonnelia sp.
Vanua Levu Kakaulevu Reef northern edge east of Kia Island (inner part of bend),144051,Peyssonnelia sp.
Nagelelevu Lagoon' Outer slope north of Ngelelevu Island,144096,Asteronema sp.
Vanua Levu 'Great Barrier Reef' west of Ravi Ravi channel barrier reef outer slope,144175,Platoma sp.
Vanua Levu Kakaulevu Reef northern edge east of Kia Island (in bend),144188,Gracilaria sp.
Nagelelevu Lagoon' Outer slope north of Ngelelevu Island,144208,Ganonema sp.
Nagelelevu Lagoon' Outer slope north of Ngelelevu Island,144223,Plocamium sp.
Vanua Levu N-NW slope of Laukotolailai Reef,144223,Plocamium sp.
Ngau Outer slope of barrier reef across from village,144241,Gloiocladia sp.
Kandavu 'Pearl reef' Outer slope of barrier reef southern tip,144247,Botryocladia sp.
Ngau Outer slope of barrier reef across from village,144247,Botryocladia sp.
Kandavu Galoa Harbour Outer slope of barrier reef,144254,Rhodymenia sp. 3
Nagelelevu Lagoon' Outer slope north of Ngelelevu Island,144254,Rhodymenia sp. 3
Ngau Outer slope of barrier reef across from village,144253,Rhodymenia sp. 2
Vanua Levu Kakaulevu Reef flat outer slope,144254,Rhodymenia sp. 3
Vanua Levu Kakaulevu Reef northern edge east of Kia Island (in bend),144253,Rhodymenia sp. 2
Vanua Levu Kakaulevu Reef northern edge east of Kia Island (inner part of bend),144253,Rhodymenia sp. 2
Vanua Levu N-NW slope of Laukotolailai Reef,144252,Rhodymenia sp. 1
Ile Yanuca Along coast at northern tip of island,144456,Bryopsis pennata
Kandavu 'Pearl reef' Outer slope of barrier reef southern tip,144456,Bryopsis pennata
Vanua Levu 'Great Barrier Reef' west of Ravi Ravi channel barrier reef outer slope,144456,Bryopsis pennata
Vanua Levu Kakaulevu Reef northern edge east of Kia Island (in bend),144456,Bryopsis pennata
Vanua Levu Kakaulevu Reef northern edge east of Kia Island (inner part of bend),144456,Bryopsis pennata
Vanua Levu Kakaulevu Reef western edge across from Kia Island,144456,Bryopsis pennata
Vanua Levu Outer slope of barrier reef west of 'Sau Sau Pass',144456,Bryopsis pennata
Bud reef' Lagoon pinnacle across from Yavu Island,144462,Derbesia marina
Heemskercq reef Outer slope of immerged barrier reef north of Nanuku Reef,144467,Caulerpa cupressoides
"Kandavu 'Pearl reef' Lagoon, inner slope of barrier reef",144467,Caulerpa cupressoides
Nanuku reef North-west of lagoon,144467,Caulerpa cupressoides
Nukusemanu reef Outer slope north of atoll,144467,Caulerpa cupressoides
Vanua Levu Western slope of Kakaulau Reef,144467,Caulerpa cupressoides
Bud reef' Nananikita bud reef  eastern edge,144472,Caulerpa racemosa
Ile Yanuca Along coast at northern tip of island,144472,Caulerpa racemosa
"Kandavu 'Pearl reef' Lagoon, inner slope of barrier reef",144472,Caulerpa racemosa
Nagelelevu Lagoon' First small pass southwest of barrier reef before 'Rendell Channel',144472,Caulerpa racemosa
Nagelelevu Lagoon' Lagoon seabed about 1 mile west of island,144472,Caulerpa racemosa
"Nagelelevu Lagoon' Northwest tip of barrier reef, outer slope",144472,Caulerpa racemosa
Nagelelevu Lagoon' Outer slope north of 'Toulalia' Island,144472,Caulerpa racemosa
Nanuku reef North-west of lagoon,144472,Caulerpa racemosa
Nukusemanu reef Outer slope north of atoll,144472,Caulerpa racemosa
Vanua Levu 'Great Barrier Reef' west of Ravi Ravi channel barrier reef outer slope,144472,Caulerpa racemosa
"Vanua Levu Lagoon, intermediate reef flat",144472,Caulerpa racemosa
Vanua Levu Ravi Ravi channel eastern edge of pass near outlet,144472,Caulerpa racemosa
Vanua Levu Western slope of Kakaulau Reef,144472,Caulerpa racemosa
Nanuku reef North-west of lagoon,144474,Caulerpa sertularioides
Vanua Levu Lagoon between 'Cakaulevu' barrier reef and 'Vuata Reef',144474,Caulerpa sertularioides
"Vanua Levu Lagoon, intermediate reef flat",144474,Caulerpa sertularioides
Vanua Levu Western slope of Kakaulau Reef,144474,Caulerpa sertularioides
Heemskercq reef Outer slope of immerged barrier reef north of Nanuku Reef,144476,Caulerpa taxifolia
"Kandavu 'Pearl reef' Lagoon, inner slope of barrier reef",144476,Caulerpa taxifolia
Nagelelevu Lagoon' First small pass southwest of barrier reef before 'Rendell Channel',144476,Caulerpa taxifolia
Nukusemanu reef Outer slope north of atoll,144476,Caulerpa taxifolia
Vanua Levu Lagoon between 'Cakaulevu' barrier reef and 'Vuata Reef',144476,Caulerpa taxifolia
Vanua Levu Western slope of Kakaulau Reef,144476,Caulerpa taxifolia
Kandavu 'Pearl reef' Outer slope of barrier reef southern tip,144477,Caulerpa webbiana
Nagelelevu Lagoon' Outer slope north of 'Toulalia' Island,144477,Caulerpa webbiana
Nagelelevu Lagoon' Outer slope north of Ngelelevu Island,144477,Caulerpa webbiana
Nanuku reef North-west of lagoon,144477,Caulerpa webbiana
Nukusemanu reef Outer slope north of atoll,144477,Caulerpa webbiana
Vanua Levu Ravi Ravi channel eastern edge of pass near outlet,144477,Caulerpa webbiana
Ile Yanuca Along coast at northern tip of island,144481,Halimeda discoidea
"Kandavu 'Pearl reef' Lagoon, inner slope of barrier reef",144481,Halimeda discoidea
Nagelelevu Lagoon' Outer slope north of 'Toulalia' Island,144481,Halimeda discoidea
Nukusemanu reef Outer slope north of atoll,144481,Halimeda discoidea
Vanua Levu 'Great Barrier Reef' west of Ravi Ravi channel barrier reef outer slope,144481,Halimeda discoidea
Vanua Levu Kakaulevu Reef northern edge east of Kia Island (in bend),144481,Halimeda discoidea
Vanua Levu Lagoon between 'Cakaulevu' barrier reef and 'Vuata Reef',144481,Halimeda discoidea
Vanua Levu N-NW slope of Laukotolailai Reef,144481,Halimeda discoidea
"Vanua Levu Outer slope of Cakaunikuita barrier reef 5.5 miles west of the pass, near tip.",144481,Halimeda discoidea
Vanua Levu Western slope of Kakaulau Reef,144481,Halimeda discoidea
Heemskercq reef Outer slope of immerged barrier reef north of Nanuku Reef,144482,Halimeda opuntia
"Kandavu 'Pearl reef' Lagoon, inner slope of barrier reef",144482,Halimeda opuntia
Vanua Levu Kakaulevu Reef northern edge east of Kia Island (in bend),144482,Halimeda opuntia
"Vanua Levu Lagoon, intermediate reef flat",144482,Halimeda opuntia
Vanua Levu Outer slope of barrier reef west of 'Sau Sau Pass',144482,Halimeda opuntia
Bud reef' Lagoon pinnacle across from Yavu Island,144487,Rhipilia tenaculosa
Bud reef' Nananikita bud reef  eastern edge,144487,Rhipilia tenaculosa
Ile Yanuca Along coast at northern tip of island,144487,Rhipilia tenaculosa
Nagelelevu Lagoon' First small pass southwest of barrier reef before 'Rendell Channel',144487,Rhipilia tenaculosa
Nagelelevu Lagoon' Lagoon seabed about 1 mile west of island,144487,Rhipilia tenaculosa
"Nagelelevu Lagoon' Northwest tip of barrier reef, outer slope",144487,Rhipilia tenaculosa
Nagelelevu Lagoon' Outer slope north of 'Toulalia' Island,144487,Rhipilia tenaculosa
Nagelelevu Lagoon' Outer slope north of Ngelelevu Island,144487,Rhipilia tenaculosa
Nanuku reef North-west of lagoon,144487,Rhipilia tenaculosa
Nukusemanu reef Outer slope north of atoll,144487,Rhipilia tenaculosa
Vanua Levu 'Great Barrier Reef' west of Ravi Ravi channel barrier reef outer slope,144487,Rhipilia tenaculosa
Vanua Levu Kakaulevu Reef northern edge east of Kia Island (in bend),144487,Rhipilia tenaculosa
Vanua Levu Kakaulevu Reef northern edge east of Kia Island (inner part of bend),144487,Rhipilia tenaculosa
Vanua Levu Kakaulevu Reef western edge across from Kia Island,144487,Rhipilia tenaculosa
Vanua Levu Outer slope of barrier reef west of 'Sau Sau Pass',144487,Rhipilia tenaculosa
Vanua Levu Kakaulevu Reef northern edge east of Kia Island,144506,Anotrichium tenue
Heemskercq reef Outer slope of immerged barrier reef north of Nanuku Reef,144541,Ceramium codii
"Vanua Levu Lagoon, intermediate reef flat",144706,Spyridia filamentosa
Nagelelevu Lagoon' Outer slope north of Ngelelevu Island,144712,Wrangelia argus
Nagelelevu Lagoon' Outer slope north of 'Toulalia' Island,144714,Dasya baillouviana
Nagelelevu Lagoon' Outer slope north of Ngelelevu Island,144714,Dasya baillouviana
Nanuku reef North-west of lagoon,144714,Dasya baillouviana
Kandavu 'Pearl reef' Outer slope of barrier reef southern tip,144731,Heterosiphonia crispella
Ngau Outer slope of barrier reef across from village,144731,Heterosiphonia crispella
Vanua Levu Western slope of Kakaulau Reef,144731,Heterosiphonia crispella
Heemskercq reef Outer slope of immerged barrier reef north of Nanuku Reef,144782,Taenioma perpusillum
Heemskercq reef Outer slope of immerged barrier reef north of Nanuku Reef,144826,Laurencia minuta
Bud reef' Lagoon pinnacle across from Yavu Island,145017,Microdictyon umbilicatum
Nagelelevu Lagoon' Lagoon seabed about 1 mile west of island,145017,Microdictyon umbilicatum
"Nagelelevu Lagoon' Northwest tip of barrier reef, outer slope",145017,Microdictyon umbilicatum
Nagelelevu Lagoon' Outer slope north of Ngelelevu Island,145017,Microdictyon umbilicatum
Nanuku reef North-west of lagoon,145017,Microdictyon umbilicatum
Ngau Outer slope of barrier reef across from village,145017,Microdictyon umbilicatum
Nukusemanu reef Outer slope north of atoll,145017,Microdictyon umbilicatum
Vanua Levu Kakaulevu Reef northern edge east of Kia Island (in bend),145017,Microdictyon umbilicatum
Vanua Levu 'Great Barrier Reef' west of Ravi Ravi channel barrier reef outer slope,145120,Hydrolithon onkodes
Vanua Levu Kakaulevu Reef western edge across from Kia Island,145120,Hydrolithon onkodes
Vanua Levu Western slope of Kakaulau Reef,145120,Hydrolithon onkodes
Nagelelevu Lagoon' Outer slope north of Ngelelevu Island,145123,Jania adhaerens
Ngau Outer slope of barrier reef across from village,145123,Jania adhaerens
Vanua Levu Kakaulevu Reef northern edge east of Kia Island,145123,Jania adhaerens
"Vanua Levu Outer slope of Cakaunikuita barrier reef 5.5 miles west of the pass, near tip.",145123,Jania adhaerens
Vanua Levu Ravi Ravi channel eastern edge of pass near outlet,145191,Neogoniolithon brassica-florida
Kandavu 'Pearl reef' Outer slope of barrier reef southern tip,145238,Cryptonemia crenulata
Ngau Outer slope of barrier reef across from village,145238,Cryptonemia crenulata
Vanua Levu Kakaulevu Reef northern edge east of Kia Island (in bend),145238,Cryptonemia crenulata
Vanua Levu Kakaulevu Reef northern edge east of Kia Island (inner part of bend),145238,Cryptonemia crenulata
Vanua Levu Ravi Ravi channel eastern edge of pass near outlet,145238,Cryptonemia crenulata
Nukusemanu reef Outer slope north of atoll,145240,Cryptonemia lomation
Vanua Levu N-NW slope of Laukotolailai Reef,145254,Halymenia floresia
Bud reef' Nananikita bud reef  eastern edge,145281,Peyssonnelia inamoena
Kandavu Galoa Harbour Outer slope of barrier reef,145281,Peyssonnelia inamoena
Nukusemanu reef Outer slope north of atoll,145281,Peyssonnelia inamoena
Vanua Levu 'Great Barrier Reef' west of Ravi Ravi channel barrier reef outer slope,145281,Peyssonnelia inamoena
Vanua Levu Kakaulevu Reef northern edge east of Kia Island (in bend),145281,Peyssonnelia inamoena
Vanua Levu Kakaulevu Reef northern edge east of Kia Island (inner part of bend),145281,Peyssonnelia inamoena
Nagelelevu Lagoon' Outer slope north of 'Toulalia' Island,145301,Dasycladus cf. vermicularis
Vanua Levu Kakaulevu Reef northern edge east of Kia Island (in bend),145363,Dictyota bartayresiana
"Vanua Levu Lagoon, intermediate reef flat",145363,Dictyota bartayresiana
Bud reef' Lagoon pinnacle across from Yavu Island,145381,Lobophora variegata
Vanua Levu 'Great Barrier Reef' west of Ravi Ravi channel barrier reef outer slope,145381,Lobophora variegata
Vanua Levu Kakaulevu Reef northern edge east of Kia Island,145381,Lobophora variegata
"Vanua Levu Lagoon, intermediate reef flat",145381,Lobophora variegata
Vanua Levu N-NW slope of Laukotolailai Reef,145381,Lobophora variegata
Vanua Levu Outer slope of barrier reef west of 'Sau Sau Pass',145381,Lobophora variegata
Vanua Levu Western slope of Kakaulau Reef,145381,Lobophora variegata
Vanua Levu Lagoon between 'Cakaulevu' barrier reef and 'Vuata Reef',145383,Padina boryana
"Vanua Levu Lagoon, intermediate reef flat",145383,Padina boryana
Vanua Levu Reef in channel between Lawake Island and Namoli Reef,145383,Padina boryana
Vanua Levu Outer slope of barrier reef west of 'Sau Sau Pass',145490,Erythrotrichia carnea
Vanua Levu N-NW slope of Laukotolailai Reef,145567,Gelidiella acerosa
Vanua Levu Reef in channel between Lawake Island and Namoli Reef,145567,Gelidiella acerosa
Heemskercq reef Outer slope of immerged barrier reef north of Nanuku Reef,145606,Caulacanthus ustulatus
Vanua Levu Lagoon between 'Cakaulevu' barrier reef and 'Vuata Reef',145631,Hypnea esperi
"Vanua Levu Lagoon, intermediate reef flat",145631,Hypnea esperi
Vanua Levu Lagoon between 'Cakaulevu' barrier reef and 'Vuata Reef',145636,Hypnea valentiae
Nagelelevu Lagoon' First small pass southwest of barrier reef before 'Rendell Channel',145684,Wurdemannia miniata
Nagelelevu Lagoon' Lagoon seabed about 1 mile west of island,145684,Wurdemannia miniata
Vanua Levu Kakaulevu Reef northern edge east of Kia Island (in bend),145684,Wurdemannia miniata
Vanua Levu Outer slope of barrier reef west of 'Sau Sau Pass',145688,Stylonema alsidii
Nagelelevu Lagoon' Outer slope north of 'Toulalia' Island,145745,Tricleocarpa fragilis
Ngau Coastal reef flat in front of village,145745,Tricleocarpa fragilis
Ngau Outer slope of barrier reef across from village,145745,Tricleocarpa fragilis
Vanua Levu N-NW slope of Laukotolailai Reef,145745,Tricleocarpa fragilis
"Vanua Levu Outer slope of Cakaunikuita barrier reef 5.5 miles west of the pass, near tip.",145745,Tricleocarpa fragilis
Vanua Levu Kakaulevu Reef northern edge east of Kia Island,145806,Champia vieillardii
Vanua Levu Kakaulevu Reef northern edge east of Kia Island (inner part of bend),145806,Champia vieillardii
"Vanua Levu Outer slope of Cakaunikuita barrier reef 5.5 miles west of the pass, near tip.",145806,Champia vieillardii
"Kandavu 'Pearl reef' Lagoon, inner slope of barrier reef",145819,Gelidiopsis intricata
Nagelelevu Lagoon' First small pass southwest of barrier reef before 'Rendell Channel',145819,Gelidiopsis intricata
Nagelelevu Lagoon' Lagoon seabed about 1 mile west of island,145819,Gelidiopsis intricata
Nagelelevu Lagoon' Outer slope north of Ngelelevu Island,145819,Gelidiopsis intricata
Vanua Levu Kakaulevu Reef western edge across from Kia Island,145819,Gelidiopsis intricata
"Vanua Levu Outer slope of Cakaunikuita barrier reef 5.5 miles west of the pass, near tip.",145875,Cladophoropsis membranacea
Nagelelevu Lagoon' Outer slope north of 'Toulalia' Island,145881,Valonia aegagropila
Ngau Coastal reef flat in front of village,145881,Valonia aegagropila
"Nagelelevu Lagoon' Northwest tip of barrier reef, outer slope",145883,Valonia macrophysa
Ngau Outer slope of barrier reef across from village,145883,Valonia macrophysa
Nukusemanu reef Outer slope north of atoll,145883,Valonia macrophysa
Vanua Levu Ravi Ravi channel eastern edge of pass near outlet,145883,Valonia macrophysa
Nagelelevu Lagoon' Outer slope north of Ngelelevu Island,145884,Valonia utricularis
Vanua Levu 'Great Barrier Reef' west of Ravi Ravi channel barrier reef outer slope,145884,Valonia utricularis
Vanua Levu Kakaulevu Reef northern edge east of Kia Island,145884,Valonia utricularis
Vanua Levu Kakaulevu Reef western edge across from Kia Island,145884,Valonia utricularis
"Vanua Levu Outer slope of Cakaunikuita barrier reef 5.5 miles west of the pass, near tip.",145884,Valonia utricularis
Nagelelevu Lagoon' First small pass southwest of barrier reef before 'Rendell Channel',145885,Ventricaria ventricosa
"Nagelelevu Lagoon' Northwest tip of barrier reef, outer slope",145885,Ventricaria ventricosa
Nukusemanu reef Outer slope north of atoll,145885,Ventricaria ventricosa
Vanua Levu Kakaulevu Reef western edge across from Kia Island,145885,Ventricaria ventricosa
Vanua Levu Western slope of Kakaulau Reef,145885,Ventricaria ventricosa
Heemskercq reef Outer slope of immerged barrier reef north of Nanuku Reef,146339,Ceramium flaccidum
Ile Yanuca Along coast at northern tip of island,146339,Ceramium flaccidum
Vanua Levu Outer slope of barrier reef west of 'Sau Sau Pass',146339,Ceramium flaccidum
Vanua Levu Outer slope of barrier reef west of 'Sau Sau Pass',146538,Lyngbya sp.
Heemskercq reef Outer slope of immerged barrier reef north of Nanuku Reef,146667,Spirulina subtilissima
Vanua Levu Kakaulevu Reef western edge across from Kia Island,164750,Leucetta chagosensis
Vanua Levu Ravi Ravi channel eastern edge of pass near outlet,164750,Leucetta chagosensis
Vanua Levu Kakaulevu Reef northern edge east of Kia Island (in bend),164777,Dendya sp.
Kandavu Galoa Harbour Outer slope of barrier reef,164922,Dysidea arenaria
Nagelelevu Lagoon' Lagoon seabed about 1 mile west of island,164922,Dysidea arenaria
Vanua Levu Ravi Ravi channel eastern edge of pass near outlet,164988,Lamellodysidea herbacea
"Vanua Levu Outer slope of Cakaunikuita barrier reef 5.5 miles west of the pass, near tip.",165064,Psammocinia bulbosa
Ngau Outer slope of barrier reef across from village,165090,Coscinoderma matthewsi
Vanua Levu Reef in channel between Lawake Island and Namoli Reef,165090,Coscinoderma matthewsi
Vanua Levu Kakaulevu Reef northern edge east of Kia Island (in bend),165136,Leiosella sp.
Vanua Levu Kakaulevu Reef northern edge east of Kia Island (inner part of bend),165136,Leiosella sp.
Vanua Levu Ravi Ravi channel eastern edge of pass near outlet,165257,Carteriospongia contorta
Bud reef' Nananikita bud reef  eastern edge,165287,Phyllospongia papyracea
"Nagelelevu Lagoon' Northwest tip of barrier reef, outer slope",165287,Phyllospongia papyracea
Vanua Levu 'Great Barrier Reef' west of Ravi Ravi channel barrier reef outer slope,165287,Phyllospongia papyracea
Vanua Levu Kakaulevu Reef northern edge east of Kia Island (in bend),165287,Phyllospongia papyracea
Vanua Levu Kakaulevu Reef western edge across from Kia Island,165287,Phyllospongia papyracea
"Vanua Levu Outer slope of Cakaunikuita barrier reef 5.5 miles west of the pass, near tip.",165287,Phyllospongia papyracea
Vanua Levu Ravi Ravi channel eastern edge of pass near outlet,165287,Phyllospongia papyracea
Vanua Levu Western slope of Kakaulau Reef,165287,Phyllospongia papyracea
Heemskercq reef Outer slope of immerged barrier reef north of Nanuku Reef,165311,Dactylospongia sp.
Nanuku reef North-west of lagoon,165311,Dactylospongia sp.
Nukusemanu reef Outer slope north of atoll,165311,Dactylospongia sp.
Vanua Levu Kakaulevu Reef northern edge east of Kia Island (in bend),165311,Dactylospongia sp.
Vanua Levu Kakaulevu Reef western edge across from Kia Island,165311,Dactylospongia sp.
"Vanua Levu Outer slope of Cakaunikuita barrier reef 5.5 miles west of the pass, near tip.",165311,Dactylospongia sp.
Nagelelevu Lagoon' First small pass southwest of barrier reef before 'Rendell Channel',165313,Dactylospongia metachromia
Nagelelevu Lagoon' Outer slope north of Ngelelevu Island,165313,Dactylospongia metachromia
Vanua Levu 'Great Barrier Reef' west of Ravi Ravi channel barrier reef outer slope,165313,Dactylospongia metachromia
Vanua Levu Kakaulevu Reef northern edge east of Kia Island,165313,Dactylospongia metachromia
Vanua Levu Kakaulevu Reef northern edge east of Kia Island (in bend),165313,Dactylospongia metachromia
Vanua Levu Kakaulevu Reef western edge across from Kia Island,165313,Dactylospongia metachromia
Vanua Levu Outer slope of barrier reef west of 'Sau Sau Pass',165313,Dactylospongia metachromia
Nagelelevu Lagoon' First small pass southwest of barrier reef before 'Rendell Channel',165314,Fascaplysinopsis sp.
"Nagelelevu Lagoon' Northwest tip of barrier reef, outer slope",165314,Fascaplysinopsis sp.
Vanua Levu Kakaulevu Reef western edge across from Kia Island,165314,Fascaplysinopsis sp.
Vanua Levu N-NW slope of Laukotolailai Reef,165314,Fascaplysinopsis sp.
Nagelelevu Lagoon' Outer slope north of 'Toulalia' Island,165369,Petrosaspongia nigra
Vanua Levu 'Great Barrier Reef' west of Ravi Ravi channel barrier reef outer slope,165409,Thorecta sp.
Vanua Levu Kakaulevu Reef northern edge east of Kia Island (in bend),165409,Thorecta sp.
Vanua Levu Kakaulevu Reef northern edge east of Kia Island (inner part of bend),165409,Thorecta sp.
Vanua Levu Kakaulevu Reef western edge across from Kia Island,165409,Thorecta sp.
Vanua Levu Outer slope of barrier reef west of 'Sau Sau Pass',165409,Thorecta sp.
"Vanua Levu Outer slope of Cakaunikuita barrier reef 5.5 miles west of the pass, near tip.",165409,Thorecta sp.
Bud reef' Lagoon pinnacle across from Yavu Island,165605,Ptilocaulis sp.
Nagelelevu Lagoon' Outer slope north of 'Toulalia' Island,165605,Ptilocaulis sp.
Nanuku reef North-west of lagoon,165605,Ptilocaulis sp.
Nukusemanu reef Outer slope north of atoll,165605,Ptilocaulis sp.
Vanua Levu Kakaulevu Reef northern edge east of Kia Island (inner part of bend),165605,Ptilocaulis sp.
"Vanua Levu Outer slope of Cakaunikuita barrier reef 5.5 miles west of the pass, near tip.",165605,Ptilocaulis sp.
Vanua Levu N-NW slope of Laukotolailai Reef,165648,Acanthella sp. nov
Nagelelevu Lagoon' Lagoon seabed about 1 mile west of island,165651,Acanthella cavernosa
"Nagelelevu Lagoon' Northwest tip of barrier reef, outer slope",165651,Acanthella cavernosa
Nagelelevu Lagoon' Outer slope north of 'Toulalia' Island,165651,Acanthella cavernosa
Nagelelevu Lagoon' Outer slope north of Ngelelevu Island,165651,Acanthella cavernosa
Nukusemanu reef Outer slope north of atoll,165651,Acanthella cavernosa
Vanua Levu Kakaulevu Reef northern edge east of Kia Island (inner part of bend),165651,Acanthella cavernosa
Vanua Levu N-NW slope of Laukotolailai Reef,165651,Acanthella cavernosa
Vanua Levu Outer slope of barrier reef west of 'Sau Sau Pass',165651,Acanthella cavernosa
"Vanua Levu Outer slope of Cakaunikuita barrier reef 5.5 miles west of the pass, near tip.",165651,Acanthella cavernosa
Vanua Levu Ravi Ravi channel eastern edge of pass near outlet,165651,Acanthella cavernosa
Vanua Levu Reef in channel between Lawake Island and Namoli Reef,165651,Acanthella cavernosa
Bud reef' Lagoon pinnacle across from Yavu Island,165705,Stylissa carteri
Nagelelevu Lagoon' First small pass southwest of barrier reef before 'Rendell Channel',165705,Stylissa carteri
Nagelelevu Lagoon' Lagoon seabed about 1 mile west of island,165705,Stylissa carteri
"Nagelelevu Lagoon' Northwest tip of barrier reef, outer slope",165705,Stylissa carteri
Nagelelevu Lagoon' Outer slope north of 'Toulalia' Island,165705,Stylissa carteri
Nagelelevu Lagoon' Outer slope north of Ngelelevu Island,165705,Stylissa carteri
Nukusemanu reef Outer slope north of atoll,165705,Stylissa carteri
Vanua Levu Kakaulevu Reef northern edge east of Kia Island,165705,Stylissa carteri
Vanua Levu Kakaulevu Reef northern edge east of Kia Island (inner part of bend),165705,Stylissa carteri
Vanua Levu Kakaulevu Reef western edge across from Kia Island,165705,Stylissa carteri
Vanua Levu N-NW slope of Laukotolailai Reef,165705,Stylissa carteri
Vanua Levu Outer slope of barrier reef west of 'Sau Sau Pass',165705,Stylissa carteri
"Vanua Levu Outer slope of Cakaunikuita barrier reef 5.5 miles west of the pass, near tip.",165705,Stylissa carteri
Vanua Levu Reef in channel between Lawake Island and Namoli Reef,165705,Stylissa carteri
Bud reef' Nananikita bud reef  eastern edge,165711,Stylissa massa
Vanua Levu Kakaulevu Reef flat outer slope,165711,Stylissa massa
Vanua Levu Kakaulevu Reef northern edge east of Kia Island (inner part of bend),165711,Stylissa massa
Vanua Levu Reef in channel between Lawake Island and Namoli Reef,165711,Stylissa massa
Vanua Levu Western slope of Kakaulau Reef,165711,Stylissa massa
Nagelelevu Lagoon' First small pass southwest of barrier reef before 'Rendell Channel',165782,Epipolasis sp.
Vanua Levu Kakaulevu Reef northern edge east of Kia Island (in bend),165782,Epipolasis sp.
Vanua Levu Kakaulevu Reef northern edge east of Kia Island (inner part of bend),165782,Epipolasis sp.
Vanua Levu Kakaulevu Reef western edge across from Kia Island,165782,Epipolasis sp.
Vanua Levu Reef in channel between Lawake Island and Namoli Reef,165782,Epipolasis sp.
Ngau Outer slope of barrier reef across from village,165790,Halichondria (Halichondria) sp.
Vanua Levu 'Great Barrier Reef' west of Ravi Ravi channel barrier reef outer slope,166234,Callyspongia (Euplacella) sp.
"Vanua Levu Outer slope of Cakaunikuita barrier reef 5.5 miles west of the pass, near tip.",166234,Callyspongia (Euplacella) sp.
Kandavu Galoa Harbour Outer slope of barrier reef,166654,Amphimedon sp. nov
Bud reef' Lagoon pinnacle across from Yavu Island,166770,Niphates sp.
Kandavu Galoa Harbour Outer slope of barrier reef,166770,Niphates sp.
Nagelelevu Lagoon' First small pass southwest of barrier reef before 'Rendell Channel',166770,Niphates sp.
Ngau Coastal reef flat in front of village,166770,Niphates sp.
Ngau Outer slope of barrier reef across from village,166770,Niphates sp.
Ngau Outer slope of barrier reef across from village,166770,Niphates sp.
Nukusemanu reef Outer slope north of atoll,166770,Niphates sp.
Vanua Levu 'Great Barrier Reef' west of Ravi Ravi channel barrier reef outer slope,166770,Niphates sp.
Vanua Levu Kakaulevu Reef northern edge east of Kia Island (in bend),166770,Niphates sp.
Vanua Levu Kakaulevu Reef northern edge east of Kia Island (inner part of bend),166770,Niphates sp.
Vanua Levu Kakaulevu Reef western edge across from Kia Island,166770,Niphates sp.
Vanua Levu N-NW slope of Laukotolailai Reef,166770,Niphates sp.
Vanua Levu Outer slope of barrier reef west of 'Sau Sau Pass',166770,Niphates sp.
"Vanua Levu Outer slope of Cakaunikuita barrier reef 5.5 miles west of the pass, near tip.",166770,Niphates sp.
Vanua Levu Western slope of Kakaulau Reef,166770,Niphates sp.
Vanua Levu Reef in channel between Lawake Island and Namoli Reef,167454,Zyzzya fuliginosa
Vanua Levu Kakaulevu Reef northern edge east of Kia Island (inner part of bend),167742,Clathria (Thalysias) hirsuta
Kandavu 'Pearl reef' Outer slope of barrier reef  eastern tip,167819,Echinochalina (Protophlitaspongia) sp.
Vanua Levu Outer slope of barrier reef west of 'Sau Sau Pass',167819,Echinochalina (Protophlitaspongia) sp.
Nagelelevu Lagoon' Lagoon seabed about 1 mile west of island,167960,Echinodictyum sp.
"Nagelelevu Lagoon' Northwest tip of barrier reef, outer slope",168320,Neofibularia hartmani
Nagelelevu Lagoon' Outer slope north of 'Toulalia' Island,168320,Neofibularia hartmani
Vanua Levu 'Great Barrier Reef' west of Ravi Ravi channel barrier reef outer slope,168320,Neofibularia hartmani
Vanua Levu Kakaulevu Reef flat outer slope,168320,Neofibularia hartmani
Vanua Levu Kakaulevu Reef western edge across from Kia Island,168320,Neofibularia hartmani
Vanua Levu Ravi Ravi channel eastern edge of pass near outlet,168320,Neofibularia hartmani
Vanua Levu N-NW slope of Laukotolailai Reef,168440,Coelocarteria singaporensis
Vanua Levu Reef in channel between Lawake Island and Namoli Reef,168440,Coelocarteria singaporensis
Nagelelevu Lagoon' Outer slope north of Ngelelevu Island,168716,Diacarnus spinipoculum
Nukusemanu reef Outer slope north of atoll,168716,Diacarnus spinipoculum
Kandavu 'Pearl reef' Outer slope of barrier reef  eastern tip,168767,Psammoclema sp.
Vanua Levu 'Great Barrier Reef' west of Ravi Ravi channel barrier reef outer slope,168795,Strongylacidon sp.
"Vanua Levu Outer slope of Cakaunikuita barrier reef 5.5 miles west of the pass, near tip.",168795,Strongylacidon sp.
Vanua Levu Kakaulevu Reef northern edge east of Kia Island,169050,Crella (Grayella) papillosa
Vanua Levu Kakaulevu Reef northern edge east of Kia Island (in bend),169050,Crella (Grayella) papillosa
Vanua Levu Kakaulevu Reef northern edge east of Kia Island (inner part of bend),169050,Crella (Grayella) papillosa
Kandavu Galoa Harbour Outer slope of barrier reef,169616,Aplysinella sp.
"Nagelelevu Lagoon' Northwest tip of barrier reef, outer slope",169616,Aplysinella sp.
Nagelelevu Lagoon' Outer slope north of Ngelelevu Island,169616,Aplysinella sp.
Ngau Outer slope of barrier reef across from village,169616,Aplysinella sp.
Nukusemanu reef Outer slope north of atoll,169616,Aplysinella sp.
"Nagelelevu Lagoon' Northwest tip of barrier reef, outer slope",169698,Pseudoceratina sp.
Nagelelevu Lagoon' Outer slope north of 'Toulalia' Island,169698,Pseudoceratina sp.
Vanua Levu 'Great Barrier Reef' west of Ravi Ravi channel barrier reef outer slope,169698,Pseudoceratina sp.
Vanua Levu Kakaulevu Reef northern edge east of Kia Island (inner part of bend),169698,Pseudoceratina sp.
Vanua Levu Kakaulevu Reef western edge across from Kia Island,169698,Pseudoceratina sp.
Vanua Levu N-NW slope of Laukotolailai Reef,169698,Pseudoceratina sp.
Vanua Levu Outer slope of barrier reef west of 'Sau Sau Pass',169698,Pseudoceratina sp.
"Vanua Levu Outer slope of Cakaunikuita barrier reef 5.5 miles west of the pass, near tip.",169698,Pseudoceratina sp.
Vanua Levu Reef in channel between Lawake Island and Namoli Reef,169698,Pseudoceratina sp.
"Vanua Levu Outer slope of Cakaunikuita barrier reef 5.5 miles west of the pass, near tip.",169702,Pseudoceratina purpurea
Vanua Levu Reef in channel between Lawake Island and Namoli Reef,169702,Pseudoceratina purpurea
"Nagelelevu Lagoon' Northwest tip of barrier reef, outer slope",169704,Pseudoceratina verrucosa
Nagelelevu Lagoon' Outer slope north of 'Toulalia' Island,169754,Plakinastrella mammillaris
Nagelelevu Lagoon' Outer slope north of Ngelelevu Island,169754,Plakinastrella mammillaris
Vanua Levu Reef in channel between Lawake Island and Namoli Reef,169754,Plakinastrella mammillaris
Vanua Levu 'Great Barrier Reef' west of Ravi Ravi channel barrier reef outer slope,169769,Plakortis nigra
"Nagelelevu Lagoon' Northwest tip of barrier reef, outer slope",169849,Melophlus sp.
Nagelelevu Lagoon' Outer slope north of 'Toulalia' Island,169849,Melophlus sp.
Nagelelevu Lagoon' Outer slope north of Ngelelevu Island,169849,Melophlus sp.
Nagelelevu Lagoon' First small pass southwest of barrier reef before 'Rendell Channel',169886,Rhabdastrella globostellata
Vanua Levu Kakaulevu Reef northern edge east of Kia Island,169886,Rhabdastrella globostellata
Vanua Levu Kakaulevu Reef northern edge east of Kia Island (inner part of bend),169886,Rhabdastrella globostellata
Vanua Levu Kakaulevu Reef western edge across from Kia Island,169886,Rhabdastrella globostellata
Vanua Levu Outer slope of barrier reef west of 'Sau Sau Pass',169886,Rhabdastrella globostellata
Vanua Levu Ravi Ravi channel eastern edge of pass near outlet,169886,Rhabdastrella globostellata
Vanua Levu Reef in channel between Lawake Island and Namoli Reef,169886,Rhabdastrella globostellata
Vanua Levu Western slope of Kakaulau Reef,169886,Rhabdastrella globostellata
Vanua Levu 'Great Barrier Reef' west of Ravi Ravi channel barrier reef outer slope,169999,Stelletta splendens
Vanua Levu Kakaulevu Reef western edge across from Kia Island,169999,Stelletta splendens
Vanua Levu N-NW slope of Laukotolailai Reef,169999,Stelletta splendens
Vanua Levu Reef in channel between Lawake Island and Namoli Reef,169999,Stelletta splendens
Kandavu 'Pearl reef' Outer slope of barrier reef  eastern tip,170374,Chondrosia corticata
Vanua Levu Reef in channel between Lawake Island and Namoli Reef,171287,Cinachyrella sp.
Vanua Levu Western slope of Kakaulau Reef,171287,Cinachyrella sp.
Vanua Levu Reef in channel between Lawake Island and Namoli Reef,171296,Cinachyrella australiensis
Vanua Levu N-NW slope of Laukotolailai Reef,171316,Cinachyrella schulzei
Vanua Levu Reef in channel between Lawake Island and Namoli Reef,171316,Cinachyrella schulzei
Heemskercq reef Outer slope of immerged barrier reef north of Nanuku Reef,177509,Lyngbya majuscula
Ile Yanuca Along coast at northern tip of island,177509,Lyngbya majuscula
Nagelelevu Lagoon' Outer slope north of 'Toulalia' Island,177509,Lyngbya majuscula
Nagelelevu Lagoon' Outer slope north of Ngelelevu Island,177509,Lyngbya majuscula
Nukusemanu reef Outer slope north of atoll,177509,Lyngbya majuscula
Vanua Levu Kakaulevu Reef northern edge east of Kia Island (in bend),177509,Lyngbya majuscula
Vanua Levu Kakaulevu Reef northern edge east of Kia Island (inner part of bend),177509,Lyngbya majuscula
Vanua Levu Western slope of Kakaulau Reef,177509,Lyngbya majuscula
"Nagelelevu Lagoon' Northwest tip of barrier reef, outer slope",193142,Pseudoceratina clavata
Nagelelevu Lagoon' First small pass southwest of barrier reef before 'Rendell Channel',194570,Xestospongia pacifica
Ngau Outer slope of barrier reef across from village,194570,Xestospongia pacifica
"Vanua Levu Outer slope of Cakaunikuita barrier reef 5.5 miles west of the pass, near tip.",194570,Xestospongia pacifica
Vanua Levu Kakaulevu Reef northern edge east of Kia Island,204514,Rhipidosiphon sp.
Nagelelevu Lagoon' First small pass southwest of barrier reef before 'Rendell Channel',205966,Herposiphonia sp.
Vanua Levu Kakaulevu Reef northern edge east of Kia Island (in bend),206099,Ceratodictyon
"Vanua Levu Outer slope of Cakaunikuita barrier reef 5.5 miles west of the pass, near tip.",206099,Ceratodictyon
Vanua Levu Lagoon between 'Cakaulevu' barrier reef and 'Vuata Reef',208924,Halodule uninervis
"Vanua Levu Lagoon, intermediate reef flat",208924,Halodule uninervis
Vanua Levu Outer slope of barrier reef west of 'Sau Sau Pass',208924,Halodule uninervis
Vanua Levu Lagoon between 'Cakaulevu' barrier reef and 'Vuata Reef',208930,Halophila ovalis
"Vanua Levu Lagoon, intermediate reef flat",208930,Halophila ovalis
Nagelelevu Lagoon' First small pass southwest of barrier reef before 'Rendell Channel',211471,Caulerpa fastigiata
Nanuku reef North-west of lagoon,211475,Caulerpa lentillifera
Nukusemanu reef Outer slope north of atoll,211475,Caulerpa lentillifera
Vanua Levu Lagoon between 'Cakaulevu' barrier reef and 'Vuata Reef',211475,Caulerpa lentillifera
Nagelelevu Lagoon' First small pass southwest of barrier reef before 'Rendell Channel',211478,Caulerpa sedoides
Nagelelevu Lagoon' Outer slope north of 'Toulalia' Island,211478,Caulerpa sedoides
Nanuku reef North-west of lagoon,211478,Caulerpa sedoides
Ngau Outer slope of barrier reef across from village,211478,Caulerpa sedoides
Vanua Levu 'Great Barrier Reef' west of Ravi Ravi channel barrier reef outer slope,211478,Caulerpa sedoides
Vanua Levu Kakaulevu Reef northern edge east of Kia Island (inner part of bend),211478,Caulerpa sedoides
Vanua Levu Kakaulevu Reef western edge across from Kia Island,211478,Caulerpa sedoides
Nagelelevu Lagoon' First small pass southwest of barrier reef before 'Rendell Channel',211480,Caulerpa urvilleana
Nagelelevu Lagoon' Lagoon seabed about 1 mile west of island,211480,Caulerpa urvilleana
"Nagelelevu Lagoon' Northwest tip of barrier reef, outer slope",211480,Caulerpa urvilleana
Nagelelevu Lagoon' Outer slope north of Ngelelevu Island,211480,Caulerpa urvilleana
Nanuku reef North-west of lagoon,211480,Caulerpa urvilleana
Nukusemanu reef Outer slope north of atoll,211480,Caulerpa urvilleana
Vanua Levu Lagoon between 'Cakaulevu' barrier reef and 'Vuata Reef',211480,Caulerpa urvilleana
Bud reef' Nananikita bud reef  eastern edge,211485,Caulerpa serrulata
"Kandavu 'Pearl reef' Lagoon, inner slope of barrier reef",211485,Caulerpa serrulata
Nagelelevu Lagoon' Lagoon seabed about 1 mile west of island,211485,Caulerpa serrulata
"Nagelelevu Lagoon' Northwest tip of barrier reef, outer slope",211485,Caulerpa serrulata
Nagelelevu Lagoon' Outer slope north of 'Toulalia' Island,211485,Caulerpa serrulata
Ngau Outer slope of barrier reef across from village,211485,Caulerpa serrulata
Vanua Levu 'Great Barrier Reef' west of Ravi Ravi channel barrier reef outer slope,211485,Caulerpa serrulata
Vanua Levu Kakaulevu Reef northern edge east of Kia Island,211485,Caulerpa serrulata
Vanua Levu Kakaulevu Reef northern edge east of Kia Island (in bend),211485,Caulerpa serrulata
Vanua Levu Lagoon between 'Cakaulevu' barrier reef and 'Vuata Reef',211485,Caulerpa serrulata
"Vanua Levu Outer slope of Cakaunikuita barrier reef 5.5 miles west of the pass, near tip.",211485,Caulerpa serrulata
Vanua Levu Western slope of Kakaulau Reef,211485,Caulerpa serrulata
Nagelelevu Lagoon' First small pass southwest of barrier reef before 'Rendell Channel',211489,Caulerpa microphysa
"Nagelelevu Lagoon' Northwest tip of barrier reef, outer slope",211489,Caulerpa microphysa
Vanua Levu Kakaulevu Reef northern edge east of Kia Island,211489,Caulerpa microphysa
Heemskercq reef Outer slope of immerged barrier reef north of Nanuku Reef,211498,Caulerpa brachypus
Nagelelevu Lagoon' Outer slope north of Ngelelevu Island,211498,Caulerpa brachypus
Vanua Levu 'Great Barrier Reef' west of Ravi Ravi channel barrier reef outer slope,211498,Caulerpa brachypus
Vanua Levu Ravi Ravi channel eastern edge of pass near outlet,211498,Caulerpa brachypus
Bud reef' Nananikita bud reef  eastern edge,211510,Halimeda macrophysa
Heemskercq reef Outer slope of immerged barrier reef north of Nanuku Reef,211510,Halimeda macrophysa
Ile Yanuca Along coast at northern tip of island,211510,Halimeda macrophysa
Vanua Levu 'Great Barrier Reef' west of Ravi Ravi channel barrier reef outer slope,211510,Halimeda macrophysa
Vanua Levu Reef in channel between Lawake Island and Namoli Reef,211510,Halimeda macrophysa
Vanua Levu Western slope of Kakaulau Reef,211510,Halimeda macrophysa
"Kandavu 'Pearl reef' Lagoon, inner slope of barrier reef",211513,Halimeda cylindracea
Nagelelevu Lagoon' Lagoon seabed about 1 mile west of island,211513,Halimeda cylindracea
Vanua Levu Outer slope of barrier reef west of 'Sau Sau Pass',211513,Halimeda cylindracea
Bud reef' Lagoon pinnacle across from Yavu Island,211520,Halimeda distorta
Bud reef' Nananikita bud reef  eastern edge,211520,Halimeda distorta
"Kandavu 'Pearl reef' Lagoon, inner slope of barrier reef",211520,Halimeda distorta
Kandavu 'Pearl reef' Outer slope of barrier reef  eastern tip,211520,Halimeda distorta
Kandavu 'Pearl reef' Outer slope of barrier reef southern tip,211520,Halimeda distorta
Nagelelevu Lagoon' First small pass southwest of barrier reef before 'Rendell Channel',211520,Halimeda distorta
"Nagelelevu Lagoon' Northwest tip of barrier reef, outer slope",211520,Halimeda distorta
Nagelelevu Lagoon' Outer slope north of 'Toulalia' Island,211520,Halimeda distorta
Nanuku reef North-west of lagoon,211520,Halimeda distorta
Ngau Outer slope of barrier reef across from village,211520,Halimeda distorta
Vanua Levu 'Great Barrier Reef' west of Ravi Ravi channel barrier reef outer slope,211520,Halimeda distorta
Vanua Levu Kakaulevu Reef flat outer slope,211520,Halimeda distorta
Vanua Levu Kakaulevu Reef northern edge east of Kia Island (inner part of bend),211520,Halimeda distorta
Vanua Levu Lagoon between 'Cakaulevu' barrier reef and 'Vuata Reef',211520,Halimeda distorta
Vanua Levu N-NW slope of Laukotolailai Reef,211520,Halimeda distorta
Vanua Levu Reef in channel between Lawake Island and Namoli Reef,211520,Halimeda distorta
Vanua Levu Western slope of Kakaulau Reef,211520,Halimeda distorta
"Nagelelevu Lagoon' Northwest tip of barrier reef, outer slope",211523,Halimeda fragilis
Nagelelevu Lagoon' Outer slope north of 'Toulalia' Island,211523,Halimeda fragilis
Nagelelevu Lagoon' Outer slope north of Ngelelevu Island,211523,Halimeda fragilis
Vanua Levu Reef in channel between Lawake Island and Namoli Reef,211523,Halimeda fragilis
"Kandavu 'Pearl reef' Lagoon, inner slope of barrier reef",211524,Halimeda macroloba
Vanua Levu Lagoon between 'Cakaulevu' barrier reef and 'Vuata Reef',211524,Halimeda macroloba
"Vanua Levu Lagoon, intermediate reef flat",211524,Halimeda macroloba
Heemskercq reef Outer slope of immerged barrier reef north of Nanuku Reef,211528,Halimeda micronesica
"Nagelelevu Lagoon' Northwest tip of barrier reef, outer slope",211528,Halimeda micronesica
Nagelelevu Lagoon' Outer slope north of 'Toulalia' Island,211528,Halimeda micronesica
Nagelelevu Lagoon' Outer slope north of Ngelelevu Island,211528,Halimeda micronesica
Nanuku reef North-west of lagoon,211528,Halimeda micronesica
Nukusemanu reef Outer slope north of atoll,211528,Halimeda micronesica
Nagelelevu Lagoon' First small pass southwest of barrier reef before 'Rendell Channel',211532,Neomeris vanbosseae
Nagelelevu Lagoon' Outer slope north of Ngelelevu Island,211532,Neomeris vanbosseae
Vanua Levu Lagoon between 'Cakaulevu' barrier reef and 'Vuata Reef',211533,Neomeris annulata
Bud reef' Nananikita bud reef  eastern edge,211534,Udotea orientalis
Nagelelevu Lagoon' Lagoon seabed about 1 mile west of island,211534,Udotea orientalis
Nagelelevu Lagoon' Outer slope north of 'Toulalia' Island,211534,Udotea orientalis
Ngau Outer slope of barrier reef across from village,211534,Udotea orientalis
Vanua Levu 'Great Barrier Reef' west of Ravi Ravi channel barrier reef outer slope,211534,Udotea orientalis
Vanua Levu Kakaulevu Reef northern edge east of Kia Island,211534,Udotea orientalis
Heemskercq reef Outer slope of immerged barrier reef north of Nanuku Reef,211541,Udotea glaucescens
"Kandavu 'Pearl reef' Lagoon, inner slope of barrier reef",211541,Udotea glaucescens
Nagelelevu Lagoon' Lagoon seabed about 1 mile west of island,211541,Udotea glaucescens
Nagelelevu Lagoon' Outer slope north of Ngelelevu Island,211541,Udotea glaucescens
Nanuku reef North-west of lagoon,211541,Udotea glaucescens
Nukusemanu reef Outer slope north of atoll,211541,Udotea glaucescens
Vanua Levu 'Great Barrier Reef' west of Ravi Ravi channel barrier reef outer slope,211541,Udotea glaucescens
Vanua Levu Kakaulevu Reef western edge across from Kia Island,211541,Udotea glaucescens
Vanua Levu N-NW slope of Laukotolailai Reef,211541,Udotea glaucescens
Vanua Levu Reef in channel between Lawake Island and Namoli Reef,211541,Udotea glaucescens
Vanua Levu Western slope of Kakaulau Reef,211541,Udotea glaucescens
Ngau Outer slope of barrier reef across from village,211570,Boodlea composita
Vanua Levu Lagoon between 'Cakaulevu' barrier reef and 'Vuata Reef',211570,Boodlea composita
"Vanua Levu Lagoon, intermediate reef flat",211570,Boodlea composita
Bud reef' Lagoon pinnacle across from Yavu Island,211595,Actinotrichia fragilis
Ngau Outer slope of barrier reef across from village,211595,Actinotrichia fragilis
Vanua Levu Kakaulevu Reef flat outer slope,211595,Actinotrichia fragilis
Vanua Levu Kakaulevu Reef northern edge east of Kia Island,211595,Actinotrichia fragilis
Vanua Levu Kakaulevu Reef northern edge east of Kia Island (in bend),211595,Actinotrichia fragilis
Vanua Levu Reef in channel between Lawake Island and Namoli Reef,211595,Actinotrichia fragilis
Ngau Outer slope of barrier reef across from village,211611,Galaxaura filamentosa
Vanua Levu Kakaulevu Reef northern edge east of Kia Island (in bend),211611,Galaxaura filamentosa
Vanua Levu Outer slope of barrier reef west of 'Sau Sau Pass',211611,Galaxaura filamentosa
Vanua Levu 'Great Barrier Reef' west of Ravi Ravi channel barrier reef outer slope,211627,Amphiroa tribulus
Vanua Levu Kakaulevu Reef flat outer slope,211627,Amphiroa tribulus
Vanua Levu Kakaulevu Reef northern edge east of Kia Island (in bend),211627,Amphiroa tribulus
Vanua Levu Kakaulevu Reef northern edge east of Kia Island (inner part of bend),211627,Amphiroa tribulus
Vanua Levu Kakaulevu Reef western edge across from Kia Island,211627,Amphiroa tribulus
Vanua Levu Outer slope of barrier reef west of 'Sau Sau Pass',211627,Amphiroa tribulus
"Vanua Levu Outer slope of Cakaunikuita barrier reef 5.5 miles west of the pass, near tip.",211627,Amphiroa tribulus
Vanua Levu Reef in channel between Lawake Island and Namoli Reef,211627,Amphiroa tribulus
Vanua Levu Western slope of Kakaulau Reef,211627,Amphiroa tribulus
Bud reef' Lagoon pinnacle across from Yavu Island,211632,Amphiroa ephedraea
Kandavu 'Pearl reef' Outer slope of barrier reef  eastern tip,211632,Amphiroa ephedraea
Ngau Outer slope of barrier reef across from village,211632,Amphiroa ephedraea
Vanua Levu 'Great Barrier Reef' west of Ravi Ravi channel barrier reef outer slope,211632,Amphiroa ephedraea
Vanua Levu Kakaulevu Reef northern edge east of Kia Island,211632,Amphiroa ephedraea
Vanua Levu Kakaulevu Reef western edge across from Kia Island,211632,Amphiroa ephedraea
Vanua Levu 'Great Barrier Reef' west of Ravi Ravi channel barrier reef outer slope,211635,Amphiroa crassa
Vanua Levu Kakaulevu Reef flat outer slope,211635,Amphiroa crassa
Vanua Levu Kakaulevu Reef northern edge east of Kia Island,211635,Amphiroa crassa
Vanua Levu Kakaulevu Reef northern edge east of Kia Island (in bend),211635,Amphiroa crassa
Vanua Levu Kakaulevu Reef western edge across from Kia Island,211635,Amphiroa crassa
Vanua Levu N-NW slope of Laukotolailai Reef,211635,Amphiroa crassa
Vanua Levu Outer slope of barrier reef west of 'Sau Sau Pass',211635,Amphiroa crassa
Vanua Levu Western slope of Kakaulau Reef,211635,Amphiroa crassa
Kandavu 'Pearl reef' Outer slope of barrier reef  eastern tip,211638,Amphiroa foliacea
Kandavu 'Pearl reef' Outer slope of barrier reef southern tip,211638,Amphiroa foliacea
Vanua Levu Kakaulevu Reef northern edge east of Kia Island,211638,Amphiroa foliacea
Vanua Levu Kakaulevu Reef northern edge east of Kia Island (in bend),211638,Amphiroa foliacea
Vanua Levu Kakaulevu Reef western edge across from Kia Island,211638,Amphiroa foliacea
"Vanua Levu Outer slope of Cakaunikuita barrier reef 5.5 miles west of the pass, near tip.",211638,Amphiroa foliacea
Nukusemanu reef Outer slope north of atoll,211642,Halymenia dilatata
Vanua Levu 'Great Barrier Reef' west of Ravi Ravi channel barrier reef outer slope,211642,Halymenia dilatata
Vanua Levu 'Great Barrier Reef' west of Ravi Ravi channel barrier reef outer slope,211673,Valoniopsis pachynema
Vanua Levu Ravi Ravi channel eastern edge of pass near outlet,211673,Valoniopsis pachynema
Kandavu 'Pearl reef' Outer slope of barrier reef  eastern tip,211681,Valonia fastigiata
Kandavu 'Pearl reef' Outer slope of barrier reef southern tip,211681,Valonia fastigiata
Nagelelevu Lagoon' First small pass southwest of barrier reef before 'Rendell Channel',211681,Valonia fastigiata
Vanua Levu 'Great Barrier Reef' west of Ravi Ravi channel barrier reef outer slope,211681,Valonia fastigiata
Vanua Levu Kakaulevu Reef western edge across from Kia Island,211681,Valonia fastigiata
Vanua Levu Ravi Ravi channel eastern edge of pass near outlet,211681,Valonia fastigiata
"Kandavu 'Pearl reef' Lagoon, inner slope of barrier reef",211702,Ceramium marshallense
Nagelelevu Lagoon' Outer slope north of 'Toulalia' Island,211702,Ceramium marshallense
Nagelelevu Lagoon' First small pass southwest of barrier reef before 'Rendell Channel',211735,Codium geppiorum
Nagelelevu Lagoon' Lagoon seabed about 1 mile west of island,211735,Codium geppiorum
Nagelelevu Lagoon' Outer slope north of 'Toulalia' Island,211735,Codium geppiorum
Ngau Coastal reef flat in front of village,211735,Codium geppiorum
Bud reef' Lagoon pinnacle across from Yavu Island,211737,Codium mamillosum
"Kandavu 'Pearl reef' Lagoon, inner slope of barrier reef",211743,Chlorodesmis hildebrandtii
"Nagelelevu Lagoon' Northwest tip of barrier reef, outer slope",211743,Chlorodesmis hildebrandtii
Nagelelevu Lagoon' Outer slope north of Ngelelevu Island,211743,Chlorodesmis hildebrandtii
Nanuku reef North-west of lagoon,211743,Chlorodesmis hildebrandtii
Nukusemanu reef Outer slope north of atoll,211743,Chlorodesmis hildebrandtii
Vanua Levu Kakaulevu Reef western edge across from Kia Island,211743,Chlorodesmis hildebrandtii
Nagelelevu Lagoon' Outer slope north of Ngelelevu Island,211745,Chlorodesmis caespitosa
Bud reef' Nananikita bud reef  eastern edge,211746,Chlorodesmis fastigiata
Kandavu 'Pearl reef' Outer slope of barrier reef southern tip,211746,Chlorodesmis fastigiata
Nagelelevu Lagoon' First small pass southwest of barrier reef before 'Rendell Channel',211746,Chlorodesmis fastigiata
Nagelelevu Lagoon' Outer slope north of Ngelelevu Island,211746,Chlorodesmis fastigiata
Nanuku reef North-west of lagoon,211746,Chlorodesmis fastigiata
Nukusemanu reef Outer slope north of atoll,211746,Chlorodesmis fastigiata
Vanua Levu 'Great Barrier Reef' west of Ravi Ravi channel barrier reef outer slope,211746,Chlorodesmis fastigiata
Vanua Levu Kakaulevu Reef western edge across from Kia Island,211746,Chlorodesmis fastigiata
Vanua Levu Lagoon between 'Cakaulevu' barrier reef and 'Vuata Reef',211746,Chlorodesmis fastigiata
Vanua Levu Western slope of Kakaulau Reef,211746,Chlorodesmis fastigiata
"Kandavu 'Pearl reef' Lagoon, inner slope of barrier reef",211750,Cladophora patentiramea
Vanua Levu N-NW slope of Laukotolailai Reef,211768,Acanthophora spicifera
Vanua Levu Western slope of Kakaulau Reef,211902,Centroceras minutum
Vanua Levu Kakaulevu Reef northern edge east of Kia Island (in bend),212201,Gelidiopsis repens
Vanua Levu 'Great Barrier Reef' west of Ravi Ravi channel barrier reef outer slope,212202,Gelidiopsis scoparia
Vanua Levu Kakaulevu Reef northern edge east of Kia Island,212202,Gelidiopsis scoparia
Vanua Levu Kakaulevu Reef northern edge east of Kia Island (in bend),212202,Gelidiopsis scoparia
Vanua Levu Outer slope of barrier reef west of 'Sau Sau Pass',212202,Gelidiopsis scoparia
"Vanua Levu Outer slope of Cakaunikuita barrier reef 5.5 miles west of the pass, near tip.",212202,Gelidiopsis scoparia
Vanua Levu Ravi Ravi channel eastern edge of pass near outlet,212202,Gelidiopsis scoparia
Nanuku reef North-west of lagoon,213667,Amansia rhodantha
Nukusemanu reef Outer slope north of atoll,213667,Amansia rhodantha
Vanua Levu Lagoon between 'Cakaulevu' barrier reef and 'Vuata Reef',213667,Amansia rhodantha
Heemskercq reef Outer slope of immerged barrier reef north of Nanuku Reef,213683,Vanvoorstia spectabilis
"Nagelelevu Lagoon' Northwest tip of barrier reef, outer slope",213683,Vanvoorstia spectabilis
Nagelelevu Lagoon' Outer slope north of 'Toulalia' Island,213683,Vanvoorstia spectabilis
Nagelelevu Lagoon' Outer slope north of Ngelelevu Island,213683,Vanvoorstia spectabilis
Kandavu 'Pearl reef' Outer slope of barrier reef  eastern tip,213686,Neurymenia fraxinifolia
Nukusemanu reef Outer slope north of atoll,213779,Gloiophloea articulata
Vanua Levu 'Great Barrier Reef' west of Ravi Ravi channel barrier reef outer slope,213851,Portieria hornemannii
Vanua Levu Kakaulevu Reef northern edge east of Kia Island (in bend),213851,Portieria hornemannii
Vanua Levu Kakaulevu Reef western edge across from Kia Island,213851,Portieria hornemannii
Vanua Levu N-NW slope of Laukotolailai Reef,213851,Portieria hornemannii
Vanua Levu Outer slope of barrier reef west of 'Sau Sau Pass',213851,Portieria hornemannii
"Vanua Levu Outer slope of Cakaunikuita barrier reef 5.5 miles west of the pass, near tip.",213851,Portieria hornemannii
Vanua Levu Western slope of Kakaulau Reef,213851,Portieria hornemannii
Vanua Levu 'Great Barrier Reef' west of Ravi Ravi channel barrier reef outer slope,213878,Hydrolithon craspedium
Vanua Levu Ravi Ravi channel eastern edge of pass near outlet,213884,Hydrolithon reinboldii
Bud reef' Nananikita bud reef  eastern edge,213889,Lithophyllum kotschyanum
Vanua Levu N-NW slope of Laukotolailai Reef,213982,Titanophora weberae
Vanua Levu Kakaulevu Reef northern edge east of Kia Island (in bend),213988,Callophycus serratus
Vanua Levu Kakaulevu Reef northern edge east of Kia Island (inner part of bend),213988,Callophycus serratus
Nagelelevu Lagoon' Outer slope north of 'Toulalia' Island,214025,Champia compressa
Nagelelevu Lagoon' Outer slope north of Ngelelevu Island,214025,Champia compressa
Vanua Levu Kakaulevu Reef northern edge east of Kia Island,214025,Champia compressa
"Vanua Levu Lagoon, intermediate reef flat",214025,Champia compressa
Nagelelevu Lagoon' Outer slope north of 'Toulalia' Island,214033,Lomentaria corallicola
"Vanua Levu Outer slope of Cakaunikuita barrier reef 5.5 miles west of the pass, near tip.",214033,Lomentaria corallicola
Nagelelevu Lagoon' Outer slope north of 'Toulalia' Island,214047,Gloiocladia iyoensis
Vanua Levu Kakaulevu Reef northern edge east of Kia Island (in bend),214054,Microphyllum borneense
Vanua Levu Kakaulevu Reef western edge across from Kia Island,214054,Microphyllum borneense
Vanua Levu Kakaulevu Reef northern edge east of Kia Island,214100,Crouania minutissima
Heemskercq reef Outer slope of immerged barrier reef north of Nanuku Reef,214186,Hypoglossum simulans
Kandavu 'Pearl reef' Outer slope of barrier reef southern tip,214186,Hypoglossum simulans
Nagelelevu Lagoon' Outer slope north of Ngelelevu Island,214186,Hypoglossum simulans
Ngau Outer slope of barrier reef across from village,214186,Hypoglossum simulans
Nagelelevu Lagoon' Outer slope north of Ngelelevu Island,214198,Chondria dangeardii
Vanua Levu Outer slope of barrier reef west of 'Sau Sau Pass',214198,Chondria dangeardii
Vanua Levu Kakaulevu Reef northern edge east of Kia Island (in bend),214212,Herposiphonia delicatula
Vanua Levu Kakaulevu Reef northern edge east of Kia Island (in bend),214254,Polysiphonia delicatula
"Vanua Levu Lagoon, intermediate reef flat",214277,Tolypiocladia glomerulata
"Vanua Levu Outer slope of Cakaunikuita barrier reef 5.5 miles west of the pass, near tip.",214277,Tolypiocladia glomerulata
Ile Yanuca Along coast at northern tip of island,214306,Dictyopteris repens
Nagelelevu Lagoon' Outer slope north of Ngelelevu Island,214306,Dictyopteris repens
Ngau Outer slope of barrier reef across from village,214306,Dictyopteris repens
Nukusemanu reef Outer slope north of atoll,214306,Dictyopteris repens
Vanua Levu Kakaulevu Reef northern edge east of Kia Island,214306,Dictyopteris repens
Vanua Levu Kakaulevu Reef northern edge east of Kia Island (in bend),214306,Dictyopteris repens
Vanua Levu Lagoon between 'Cakaulevu' barrier reef and 'Vuata Reef',214306,Dictyopteris repens
Bud reef' Lagoon pinnacle across from Yavu Island,214309,Lobophora papenfussii
Vanua Levu Kakaulevu Reef northern edge east of Kia Island (in bend),214315,Stypopodium flabelliforme
Vanua Levu Lagoon between 'Cakaulevu' barrier reef and 'Vuata Reef',214315,Stypopodium flabelliforme
Nagelelevu Lagoon' First small pass southwest of barrier reef before 'Rendell Channel',214375,Microdictyon okamurae
Nagelelevu Lagoon' Lagoon seabed about 1 mile west of island,214375,Microdictyon okamurae
Nagelelevu Lagoon' Outer slope north of 'Toulalia' Island,214375,Microdictyon okamurae
Nagelelevu Lagoon' Outer slope north of 'Toulalia' Island,214394,Dictyosphaeria intermedia
"Nagelelevu Lagoon' Northwest tip of barrier reef, outer slope",214395,Dictyosphaeria cavernosa
Nanuku reef North-west of lagoon,214395,Dictyosphaeria cavernosa
Nukusemanu reef Outer slope north of atoll,214395,Dictyosphaeria cavernosa
"Vanua Levu Outer slope of Cakaunikuita barrier reef 5.5 miles west of the pass, near tip.",214395,Dictyosphaeria cavernosa
Nagelelevu Lagoon' First small pass southwest of barrier reef before 'Rendell Channel',214397,Dictyosphaeria versluysii
"Nagelelevu Lagoon' Northwest tip of barrier reef, outer slope",214397,Dictyosphaeria versluysii
Nagelelevu Lagoon' Outer slope north of 'Toulalia' Island,214397,Dictyosphaeria versluysii
Vanua Levu 'Great Barrier Reef' west of Ravi Ravi channel barrier reef outer slope,214397,Dictyosphaeria versluysii
Vanua Levu Lagoon between 'Cakaulevu' barrier reef and 'Vuata Reef',214397,Dictyosphaeria versluysii
Vanua Levu Outer slope of barrier reef west of 'Sau Sau Pass',214397,Dictyosphaeria versluysii
Vanua Levu Western slope of Kakaulau Reef,214397,Dictyosphaeria versluysii
Vanua Levu Kakaulevu Reef northern edge east of Kia Island (in bend),214418,Rhipidosiphon javensis
"Vanua Levu Outer slope of Cakaunikuita barrier reef 5.5 miles west of the pass, near tip.",214418,Rhipidosiphon javensis
Nagelelevu Lagoon' Outer slope north of 'Toulalia' Island,214420,Rhipilia orientalis
Bud reef' Lagoon pinnacle across from Yavu Island,214424,Tydemania expeditionis
Bud reef' Nananikita bud reef  eastern edge,214424,Tydemania expeditionis
"Kandavu 'Pearl reef' Lagoon, inner slope of barrier reef",214424,Tydemania expeditionis
Nagelelevu Lagoon' Outer slope north of 'Toulalia' Island,214424,Tydemania expeditionis
Vanua Levu 'Great Barrier Reef' west of Ravi Ravi channel barrier reef outer slope,214424,Tydemania expeditionis
Vanua Levu Kakaulevu Reef northern edge east of Kia Island,214424,Tydemania expeditionis
Vanua Levu Kakaulevu Reef northern edge east of Kia Island (in bend),214424,Tydemania expeditionis
Vanua Levu Kakaulevu Reef northern edge east of Kia Island (inner part of bend),214424,Tydemania expeditionis
Vanua Levu Kakaulevu Reef western edge across from Kia Island,214424,Tydemania expeditionis
Vanua Levu N-NW slope of Laukotolailai Reef,214424,Tydemania expeditionis
Vanua Levu Outer slope of barrier reef west of 'Sau Sau Pass',214424,Tydemania expeditionis
Vanua Levu Reef in channel between Lawake Island and Namoli Reef,214424,Tydemania expeditionis
Vanua Levu Western slope of Kakaulau Reef,214424,Tydemania expeditionis
Nukusemanu reef Outer slope north of atoll,214425,Bornetella nitida
"Kandavu 'Pearl reef' Lagoon, inner slope of barrier reef",214429,Haloplegma duperreyi
Nagelelevu Lagoon' First small pass southwest of barrier reef before 'Rendell Channel',214429,Haloplegma duperreyi
Nagelelevu Lagoon' Outer slope north of Ngelelevu Island,214429,Haloplegma duperreyi
Vanua Levu Ravi Ravi channel eastern edge of pass near outlet,214429,Haloplegma duperreyi
Nagelelevu Lagoon' First small pass southwest of barrier reef before 'Rendell Channel',214431,Gibsmithia hawaiiensis
"Nagelelevu Lagoon' Northwest tip of barrier reef, outer slope",214431,Gibsmithia hawaiiensis
Nagelelevu Lagoon' Outer slope north of 'Toulalia' Island,214431,Gibsmithia hawaiiensis
Nanuku reef North-west of lagoon,214431,Gibsmithia hawaiiensis
Bud reef' Lagoon pinnacle across from Yavu Island,214434,Corynocystis prostrata
"Kandavu 'Pearl reef' Lagoon, inner slope of barrier reef",214434,Corynocystis prostrata
Kandavu 'Pearl reef' Outer slope of barrier reef southern tip,214434,Corynocystis prostrata
"Nagelelevu Lagoon' Northwest tip of barrier reef, outer slope",214434,Corynocystis prostrata
Nanuku reef North-west of lagoon,214434,Corynocystis prostrata
Nukusemanu reef Outer slope north of atoll,214434,Corynocystis prostrata
Vanua Levu 'Great Barrier Reef' west of Ravi Ravi channel barrier reef outer slope,214434,Corynocystis prostrata
Vanua Levu Kakaulevu Reef northern edge east of Kia Island (in bend),214434,Corynocystis prostrata
Vanua Levu Kakaulevu Reef northern edge east of Kia Island (inner part of bend),214434,Corynocystis prostrata
"Vanua Levu Outer slope of Cakaunikuita barrier reef 5.5 miles west of the pass, near tip.",214434,Corynocystis prostrata
Vanua Levu Ravi Ravi channel eastern edge of pass near outlet,214434,Corynocystis prostrata
"Vanua Levu Outer slope of Cakaunikuita barrier reef 5.5 miles west of the pass, near tip.",220775,Dictyota hamifera
"Kandavu 'Pearl reef' Lagoon, inner slope of barrier reef",220782,Dictyota friabilis
Vanua Levu Kakaulevu Reef northern edge east of Kia Island (in bend),220782,Dictyota friabilis
"Vanua Levu Outer slope of Cakaunikuita barrier reef 5.5 miles west of the pass, near tip.",220782,Dictyota friabilis
Kandavu 'Pearl reef' Outer slope of barrier reef southern tip,220786,Dictyota ceylanica
Ngau Outer slope of barrier reef across from village,220786,Dictyota ceylanica
Vanua Levu Lagoon between 'Cakaulevu' barrier reef and 'Vuata Reef',220786,Dictyota ceylanica
Vanua Levu Kakaulevu Reef northern edge east of Kia Island (in bend),220816,Hypnea pannosa
Vanua Levu Lagoon between 'Cakaulevu' barrier reef and 'Vuata Reef',220816,Hypnea pannosa
"Vanua Levu Lagoon, intermediate reef flat",220816,Hypnea pannosa
Vanua Levu Kakaulevu Reef flat outer slope,220818,Hypnea nidulans
Nagelelevu Lagoon' Outer slope north of 'Toulalia' Island,220823,Hypnea saidana
Vanua Levu Outer slope of barrier reef west of 'Sau Sau Pass',220823,Hypnea saidana
Heemskercq reef Outer slope of immerged barrier reef north of Nanuku Reef,221159,Caulerpella ambigua
Nagelelevu Lagoon' Outer slope north of Ngelelevu Island,221159,Caulerpella ambigua
"Kandavu 'Pearl reef' Lagoon, inner slope of barrier reef",221169,Avrainvillea lacerata
Nagelelevu Lagoon' Lagoon seabed about 1 mile west of island,221169,Avrainvillea lacerata
Vanua Levu 'Great Barrier Reef' west of Ravi Ravi channel barrier reef outer slope,221169,Avrainvillea lacerata
Vanua Levu Kakaulevu Reef flat outer slope,221169,Avrainvillea lacerata
"Vanua Levu Outer slope of Cakaunikuita barrier reef 5.5 miles west of the pass, near tip.",221169,Avrainvillea lacerata
Vanua Levu Western slope of Kakaulau Reef,221169,Avrainvillea lacerata
Ile Yanuca Along coast at northern tip of island,221173,Avrainvillea erecta
Nagelelevu Lagoon' Lagoon seabed about 1 mile west of island,221173,Avrainvillea erecta
Vanua Levu Western slope of Kakaulau Reef,221173,Avrainvillea erecta
Vanua Levu Kakaulevu Reef flat outer slope,221476,Turbinaria conoides
Vanua Levu Kakaulevu Reef flat outer slope,221490,Turbinaria ornata
Vanua Levu 'Great Barrier Reef' west of Ravi Ravi channel barrier reef outer slope,234479,Ulva ralfsii
Ngau Outer slope of barrier reef across from village,239329,Neogoniolithon frutescens
Bud reef' Nananikita bud reef  eastern edge,241215,Halimeda lacunalis
"Nagelelevu Lagoon' Northwest tip of barrier reef, outer slope",241215,Halimeda lacunalis
Nagelelevu Lagoon' Outer slope north of Ngelelevu Island,241215,Halimeda lacunalis
Nanuku reef North-west of lagoon,241215,Halimeda lacunalis
Nukusemanu reef Outer slope north of atoll,241215,Halimeda lacunalis
Vanua Levu 'Great Barrier Reef' west of Ravi Ravi channel barrier reef outer slope,241215,Halimeda lacunalis
Vanua Levu Lagoon between 'Cakaulevu' barrier reef and 'Vuata Reef',241215,Halimeda lacunalis
Vanua Levu N-NW slope of Laukotolailai Reef,241215,Halimeda lacunalis
Vanua Levu Outer slope of barrier reef west of 'Sau Sau Pass',241215,Halimeda lacunalis
Nagelelevu Lagoon' Outer slope north of Ngelelevu Island,370157,Rhizophyllis sp.
Nagelelevu Lagoon' Outer slope north of 'Toulalia' Island,371208,Dudresnaya capricornica
Bud reef' Nananikita bud reef  eastern edge,371241,Halymenia porphyraeformis
Heemskercq reef Outer slope of immerged barrier reef north of Nanuku Reef,371241,Halymenia porphyraeformis
Ile Yanuca Along coast at northern tip of island,371241,Halymenia porphyraeformis
Kandavu 'Pearl reef' Outer slope of barrier reef southern tip,371241,Halymenia porphyraeformis
Nagelelevu Lagoon' Outer slope north of 'Toulalia' Island,371241,Halymenia porphyraeformis
Nagelelevu Lagoon' Outer slope north of Ngelelevu Island,371241,Halymenia porphyraeformis
Nukusemanu reef Outer slope north of atoll,371241,Halymenia porphyraeformis
Vanua Levu Kakaulevu Reef northern edge east of Kia Island,371241,Halymenia porphyraeformis
Vanua Levu Kakaulevu Reef western edge across from Kia Island,371241,Halymenia porphyraeformis
Vanua Levu Outer slope of barrier reef west of 'Sau Sau Pass',371241,Halymenia porphyraeformis
"Vanua Levu Outer slope of Cakaunikuita barrier reef 5.5 miles west of the pass, near tip.",371241,Halymenia porphyraeformis
"Nagelelevu Lagoon' Northwest tip of barrier reef, outer slope",371262,Hydrolithon gardineri
Vanua Levu 'Great Barrier Reef' west of Ravi Ravi channel barrier reef outer slope,371262,Hydrolithon gardineri
Vanua Levu 'Great Barrier Reef' west of Ravi Ravi channel barrier reef outer slope,371271,Lithophyllum bamleri
Vanua Levu 'Great Barrier Reef' west of Ravi Ravi channel barrier reef outer slope,371279,Lithothamnion proliferum
Vanua Levu Western slope of Kakaulau Reef,371279,Lithothamnion proliferum
Kandavu 'Pearl reef' Outer slope of barrier reef  eastern tip,371316,Balliella repens
Heemskercq reef Outer slope of immerged barrier reef north of Nanuku Reef,371498,Griffithsia heteromorpha
Vanua Levu Kakaulevu Reef northern edge east of Kia Island,371498,Griffithsia heteromorpha
Nagelelevu Lagoon' First small pass southwest of barrier reef before 'Rendell Channel',371601,Martensia fragilis
Nagelelevu Lagoon' Lagoon seabed about 1 mile west of island,371601,Martensia fragilis
Nagelelevu Lagoon' Outer slope north of Ngelelevu Island,371601,Martensia fragilis
Nagelelevu Lagoon' Outer slope north of 'Toulalia' Island,371639,Chondria simpliciuscula
Nagelelevu Lagoon' Outer slope north of Ngelelevu Island,371639,Chondria simpliciuscula
Vanua Levu Kakaulevu Reef northern edge east of Kia Island,371639,Chondria simpliciuscula
"Vanua Levu Outer slope of Cakaunikuita barrier reef 5.5 miles west of the pass, near tip.",371639,Chondria simpliciuscula
Ile Yanuca Along coast at northern tip of island,371668,Herposiphonia nuda
Ngau Outer slope of barrier reef across from village,371668,Herposiphonia nuda
Ngau Outer slope of barrier reef across from village,371818,Cladophora ohkuboana
Vanua Levu 'Great Barrier Reef' west of Ravi Ravi channel barrier reef outer slope,371818,Cladophora ohkuboana
Vanua Levu Kakaulevu Reef northern edge east of Kia Island (in bend),371818,Cladophora ohkuboana
Vanua Levu Kakaulevu Reef western edge across from Kia Island,371818,Cladophora ohkuboana
Vanua Levu Reef in channel between Lawake Island and Namoli Reef,371818,Cladophora ohkuboana
Bud reef' Lagoon pinnacle across from Yavu Island,371835,Caulerpa nummularia
Heemskercq reef Outer slope of immerged barrier reef north of Nanuku Reef,371835,Caulerpa nummularia
Kandavu 'Pearl reef' Outer slope of barrier reef southern tip,371835,Caulerpa nummularia
Nagelelevu Lagoon' Outer slope north of Ngelelevu Island,371835,Caulerpa nummularia
Nanuku reef North-west of lagoon,371835,Caulerpa nummularia
Nukusemanu reef Outer slope north of atoll,371835,Caulerpa nummularia
Vanua Levu 'Great Barrier Reef' west of Ravi Ravi channel barrier reef outer slope,371835,Caulerpa nummularia
Vanua Levu Kakaulevu Reef western edge across from Kia Island,371835,Caulerpa nummularia
Vanua Levu Ravi Ravi channel eastern edge of pass near outlet,371835,Caulerpa nummularia
Nagelelevu Lagoon' Outer slope north of 'Toulalia' Island,371846,Rhipiliopsis echinocaulos
Bud reef' Lagoon pinnacle across from Yavu Island,372140,Amphiroa valonioides
Vanua Levu Kakaulevu Reef northern edge east of Kia Island (in bend),372140,Amphiroa valonioides
Vanua Levu Kakaulevu Reef western edge across from Kia Island,372140,Amphiroa valonioides
"Vanua Levu Outer slope of Cakaunikuita barrier reef 5.5 miles west of the pass, near tip.",372140,Amphiroa valonioides
Bud reef' Nananikita bud reef  eastern edge,372306,Halimeda minima
Heemskercq reef Outer slope of immerged barrier reef north of Nanuku Reef,372306,Halimeda minima
Kandavu 'Pearl reef' Outer slope of barrier reef  eastern tip,372306,Halimeda minima
"Nagelelevu Lagoon' Northwest tip of barrier reef, outer slope",372306,Halimeda minima
Nagelelevu Lagoon' Outer slope north of 'Toulalia' Island,372306,Halimeda minima
Nagelelevu Lagoon' Outer slope north of Ngelelevu Island,372306,Halimeda minima
Nanuku reef North-west of lagoon,372306,Halimeda minima
Nukusemanu reef Outer slope north of atoll,372306,Halimeda minima
Vanua Levu 'Great Barrier Reef' west of Ravi Ravi channel barrier reef outer slope,372306,Halimeda minima
Vanua Levu Kakaulevu Reef northern edge east of Kia Island,372306,Halimeda minima
Vanua Levu Kakaulevu Reef northern edge east of Kia Island (in bend),372306,Halimeda minima
Vanua Levu N-NW slope of Laukotolailai Reef,372306,Halimeda minima
Vanua Levu Outer slope of barrier reef west of 'Sau Sau Pass',372306,Halimeda minima
Vanua Levu Reef in channel between Lawake Island and Namoli Reef,372306,Halimeda minima
Vanua Levu Western slope of Kakaulau Reef,372306,Halimeda minima
Nagelelevu Lagoon' Outer slope north of 'Toulalia' Island,372310,Avrainvillea rotumensis
Nanuku reef North-west of lagoon,372310,Avrainvillea rotumensis
Nukusemanu reef Outer slope north of atoll,372310,Avrainvillea rotumensis
Vanua Levu Kakaulevu Reef northern edge east of Kia Island (in bend),372311,Rhipiliella verticillata
Vanua Levu Kakaulevu Reef western edge across from Kia Island,372311,Rhipiliella verticillata
Vanua Levu N-NW slope of Laukotolailai Reef,372311,Rhipiliella verticillata
"Vanua Levu Outer slope of Cakaunikuita barrier reef 5.5 miles west of the pass, near tip.",372311,Rhipiliella verticillata
Vanua Levu 'Great Barrier Reef' west of Ravi Ravi channel barrier reef outer slope,372319,Lithophyllum insipidum
Vanua Levu Kakaulevu Reef western edge across from Kia Island,372319,Lithophyllum insipidum
Heemskercq reef Outer slope of immerged barrier reef north of Nanuku Reef,372320,Gibsmithia dotyi
"Kandavu 'Pearl reef' Lagoon, inner slope of barrier reef",372320,Gibsmithia dotyi
"Nagelelevu Lagoon' Northwest tip of barrier reef, outer slope",372320,Gibsmithia dotyi
Nagelelevu Lagoon' Outer slope north of 'Toulalia' Island,372320,Gibsmithia dotyi
Nagelelevu Lagoon' Outer slope north of Ngelelevu Island,372320,Gibsmithia dotyi
Nanuku reef North-west of lagoon,372320,Gibsmithia dotyi
Nukusemanu reef Outer slope north of atoll,372320,Gibsmithia dotyi
Vanua Levu 'Great Barrier Reef' west of Ravi Ravi channel barrier reef outer slope,372320,Gibsmithia dotyi
Vanua Levu Ravi Ravi channel eastern edge of pass near outlet,372320,Gibsmithia dotyi
Nagelelevu Lagoon' Outer slope north of 'Toulalia' Island,372322,Predaea weldii
Nagelelevu Lagoon' Outer slope north of Ngelelevu Island,372322,Predaea weldii
Nanuku reef North-west of lagoon,372322,Predaea weldii
Nukusemanu reef Outer slope north of atoll,372322,Predaea weldii
Ngau Outer slope of barrier reef across from village,372323,Phacelocarpus neurymenioides
Vanua Levu Kakaulevu Reef northern edge east of Kia Island (in bend),372323,Phacelocarpus neurymenioides
Vanua Levu Kakaulevu Reef northern edge east of Kia Island (inner part of bend),372323,Phacelocarpus neurymenioides
"Vanua Levu Outer slope of Cakaunikuita barrier reef 5.5 miles west of the pass, near tip.",372323,Phacelocarpus neurymenioides
Ngau Outer slope of barrier reef across from village,372325,Botryocladia spinulifera
Nagelelevu Lagoon' Outer slope north of Ngelelevu Island,372330,Dasyphila plumarioides
Vanua Levu Kakaulevu Reef northern edge east of Kia Island (in bend),372330,Dasyphila plumarioides
Vanua Levu Kakaulevu Reef western edge across from Kia Island,372330,Dasyphila plumarioides
"Kandavu 'Pearl reef' Lagoon, inner slope of barrier reef",372333,Acanthophora pacifica
Nagelelevu Lagoon' Outer slope north of Ngelelevu Island,372333,Acanthophora pacifica
Nagelelevu Lagoon' Outer slope north of 'Toulalia' Island,373110,Nitophyllum adhaerens
Nagelelevu Lagoon' Outer slope north of Ngelelevu Island,373211,Verdigellas peltata
Nanuku reef North-west of lagoon,373249,Struvea elegans
Heemskercq reef Outer slope of immerged barrier reef north of Nanuku Reef,373290,Rhipilia diaphana
Nukusemanu reef Outer slope north of atoll,373290,Rhipilia diaphana
Heemskercq reef Outer slope of immerged barrier reef north of Nanuku Reef,373430,Bryopsis vestita
Nagelelevu Lagoon' Outer slope north of 'Toulalia' Island,373488,Galaxaura divaricata
Nanuku reef North-west of lagoon,373488,Galaxaura divaricata
Vanua Levu N-NW slope of Laukotolailai Reef,373488,Galaxaura divaricata
Vanua Levu Outer slope of barrier reef west of 'Sau Sau Pass',373488,Galaxaura divaricata
Vanua Levu Reef in channel between Lawake Island and Namoli Reef,373488,Galaxaura divaricata
Ngau Outer slope of barrier reef across from village,373493,Ptilophora pectinata
Vanua Levu Kakaulevu Reef northern edge east of Kia Island (in bend),373493,Ptilophora pectinata
Vanua Levu Kakaulevu Reef northern edge east of Kia Island (inner part of bend),373493,Ptilophora pectinata
Nagelelevu Lagoon' Outer slope north of 'Toulalia' Island,373522,Cryptonemia umbraticola
Nagelelevu Lagoon' Outer slope north of Ngelelevu Island,373522,Cryptonemia umbraticola
Vanua Levu Kakaulevu Reef western edge across from Kia Island,373522,Cryptonemia umbraticola
Vanua Levu Western slope of Kakaulau Reef,373712,Spirocladia barodensis
Nagelelevu Lagoon' Outer slope north of 'Toulalia' Island,373800,Antithamnionella breviramosa
Vanua Levu Kakaulevu Reef northern edge east of Kia Island,373800,Antithamnionella breviramosa
Vanua Levu Kakaulevu Reef northern edge east of Kia Island (in bend),373800,Antithamnionella breviramosa
Vanua Levu Outer slope of barrier reef west of 'Sau Sau Pass',373800,Antithamnionella breviramosa
Bud reef' Nananikita bud reef  eastern edge,374216,Halimeda gigas
Ngau Outer slope of barrier reef across from village,374216,Halimeda gigas
Vanua Levu N-NW slope of Laukotolailai Reef,374216,Halimeda gigas
Ile Yanuca Along coast at northern tip of island,374219,Udotea geppiorum
Nagelelevu Lagoon' First small pass southwest of barrier reef before 'Rendell Channel',374219,Udotea geppiorum
"Nagelelevu Lagoon' Northwest tip of barrier reef, outer slope",374219,Udotea geppiorum
Nukusemanu reef Outer slope north of atoll,374219,Udotea geppiorum
Vanua Levu 'Great Barrier Reef' west of Ravi Ravi channel barrier reef outer slope,374219,Udotea geppiorum
Vanua Levu Kakaulevu Reef western edge across from Kia Island,374219,Udotea geppiorum
"Vanua Levu Lagoon, intermediate reef flat",374219,Udotea geppiorum
Vanua Levu Outer slope of barrier reef west of 'Sau Sau Pass',374219,Udotea geppiorum
"Vanua Levu Outer slope of Cakaunikuita barrier reef 5.5 miles west of the pass, near tip.",374219,Udotea geppiorum
Vanua Levu Western slope of Kakaulau Reef,374219,Udotea geppiorum
Nagelelevu Lagoon' Lagoon seabed about 1 mile west of island,374516,Caulerpa opposita
Nukusemanu reef Outer slope north of atoll,374516,Caulerpa opposita
Vanua Levu Kakaulevu Reef northern edge east of Kia Island (in bend),374516,Caulerpa opposita
"Nagelelevu Lagoon' Northwest tip of barrier reef, outer slope",374518,Avrainvillea longicaulis
Nanuku reef North-west of lagoon,374518,Avrainvillea longicaulis
Vanua Levu Western slope of Kakaulau Reef,374518,Avrainvillea longicaulis
Nagelelevu Lagoon' Outer slope north of 'Toulalia' Island,374566,Halymenia stipitata
Vanua Levu Kakaulevu Reef northern edge east of Kia Island,374588,Botryocladia tenuissima
Nagelelevu Lagoon' Outer slope north of Ngelelevu Island,374612,Rhipiliopsis gracilis
Nukusemanu reef Outer slope north of atoll,374612,Rhipiliopsis gracilis
Vanua Levu Kakaulevu Reef northern edge east of Kia Island (inner part of bend),374612,Rhipiliopsis gracilis
Vanua Levu Outer slope of barrier reef west of 'Sau Sau Pass',374632,Ceramium borneense
Nagelelevu Lagoon' Outer slope north of Ngelelevu Island,374657,Dasya murrayana
Vanua Levu Kakaulevu Reef flat outer slope,374716,Syringodium isoetifolium
"Vanua Levu Lagoon, intermediate reef flat",374716,Syringodium isoetifolium
Nagelelevu Lagoon' Lagoon seabed about 1 mile west of island,375077,Caulerpa bikinensis
Nanuku reef North-west of lagoon,375077,Caulerpa bikinensis
Nukusemanu reef Outer slope north of atoll,375077,Caulerpa bikinensis
Vanua Levu Western slope of Kakaulau Reef,375077,Caulerpa bikinensis
Vanua Levu Kakaulevu Reef flat outer slope,375092,Lithophyllum flavescens
Vanua Levu Kakaulevu Reef western edge across from Kia Island,375092,Lithophyllum flavescens
Ngau Coastal reef flat in front of village,375394,Avrainvillea hollenbergii
Bud reef' Lagoon pinnacle across from Yavu Island,375653,Dasya roslyniae
"Nagelelevu Lagoon' Northwest tip of barrier reef, outer slope",375653,Dasya roslyniae
Ngau Outer slope of barrier reef across from village,375653,Dasya roslyniae
Vanua Levu N-NW slope of Laukotolailai Reef,375653,Dasya roslyniae
Vanua Levu Outer slope of barrier reef west of 'Sau Sau Pass',375653,Dasya roslyniae
"Vanua Levu Lagoon, intermediate reef flat",375712,Halimeda borneensis
Vanua Levu Reef in channel between Lawake Island and Namoli Reef,375712,Halimeda borneensis
Vanua Levu Western slope of Kakaulau Reef,375712,Halimeda borneensis
Nagelelevu Lagoon' Outer slope north of Ngelelevu Island,375752,Chondrophycus succisus
Nagelelevu Lagoon' Lagoon seabed about 1 mile west of island,375791,Dictyota canaliculata
Vanua Levu Lagoon between 'Cakaulevu' barrier reef and 'Vuata Reef',375791,Dictyota canaliculata
Vanua Levu N-NW slope of Laukotolailai Reef,375791,Dictyota canaliculata
Vanua Levu Outer slope of barrier reef west of 'Sau Sau Pass',375989,Cladophora feredayoides
Heemskercq reef Outer slope of immerged barrier reef north of Nanuku Reef,376138,Rhipilia sinuosa
Nagelelevu Lagoon' First small pass southwest of barrier reef before 'Rendell Channel',376138,Rhipilia sinuosa
Nukusemanu reef Outer slope north of atoll,376138,Rhipilia sinuosa
Ngau Outer slope of barrier reef across from village,376347,Dasya anastomosans
Heemskercq reef Outer slope of immerged barrier reef north of Nanuku Reef,376391,Ceramium krameri
Nagelelevu Lagoon' Outer slope north of 'Toulalia' Island,376807,Dichotomaria marginata
Vanua Levu N-NW slope of Laukotolailai Reef,376807,Dichotomaria marginata
Vanua Levu Reef in channel between Lawake Island and Namoli Reef,376807,Dichotomaria marginata
Vanua Levu N-NW slope of Laukotolailai Reef,376874,Dichotomaria obtusata
Bud reef' Nananikita bud reef  eastern edge,377132,Halimeda heteromorpha
Heemskercq reef Outer slope of immerged barrier reef north of Nanuku Reef,377132,Halimeda heteromorpha
Ile Yanuca Along coast at northern tip of island,377132,Halimeda heteromorpha
"Nagelelevu Lagoon' Northwest tip of barrier reef, outer slope",377132,Halimeda heteromorpha
Nagelelevu Lagoon' Outer slope north of 'Toulalia' Island,377132,Halimeda heteromorpha
Nagelelevu Lagoon' Outer slope north of Ngelelevu Island,377132,Halimeda heteromorpha
Nanuku reef North-west of lagoon,377132,Halimeda heteromorpha
Vanua Levu Kakaulevu Reef northern edge east of Kia Island (in bend),381140,Cheilosporum spectabile
Vanua Levu Kakaulevu Reef northern edge east of Kia Island (inner part of bend),381140,Cheilosporum spectabile
"Vanua Levu Outer slope of Cakaunikuita barrier reef 5.5 miles west of the pass, near tip.",381140,Cheilosporum spectabile
Nagelelevu Lagoon' Outer slope north of Ngelelevu Island,381633,Neomartensia flabelliformis
Nagelelevu Lagoon' Outer slope north of 'Toulalia' Island,390034,Pinnatiphycus menouana
Nagelelevu Lagoon' Outer slope north of Ngelelevu Island,390034,Pinnatiphycus menouana
Vanua Levu Outer slope of barrier reef west of 'Sau Sau Pass',494865,Sargassum polycystum
Nagelelevu Lagoon' Lagoon seabed about 1 mile west of island,495523,Ceramium upolense
"Nagelelevu Lagoon' Northwest tip of barrier reef, outer slope",495579,Palisada parvipapillata
Vanua Levu Kakaulevu Reef northern edge east of Kia Island,495579,Palisada parvipapillata
Vanua Levu Western slope of Kakaulau Reef,496198,Lithophyllum tamiense
Nagelelevu Lagoon' Outer slope north of Ngelelevu Island,496319,Laurencia dotyi
Nagelelevu Lagoon' Outer slope north of Ngelelevu Island,498205,Drouetia coalescens
Vanua Levu Kakaulevu Reef northern edge east of Kia Island (inner part of bend),498205,Drouetia coalescens
Vanua Levu Kakaulevu Reef northern edge east of Kia Island,499002,Laurencia pygmaea
"Kandavu 'Pearl reef' Lagoon, inner slope of barrier reef",503069,Asteromenia anastomosans
Kandavu 'Pearl reef' Outer slope of barrier reef southern tip,503069,Asteromenia anastomosans
Ngau Outer slope of barrier reef across from village,503069,Asteromenia anastomosans
Vanua Levu Kakaulevu Reef northern edge east of Kia Island (inner part of bend),503069,Asteromenia anastomosans
Vanua Levu Outer slope of barrier reef west of 'Sau Sau Pass',503069,Asteromenia anastomosans
Vanua Levu Ravi Ravi channel eastern edge of pass near outlet,503069,Asteromenia anastomosans
Vanua Levu Western slope of Kakaulau Reef,503069,Asteromenia anastomosans
Vanua Levu Outer slope of barrier reef west of 'Sau Sau Pass',503897,Gloiocladia repens
Nagelelevu Lagoon' Outer slope north of Ngelelevu Island,533713,Chondria bullata
Nukusemanu reef Outer slope north of atoll,608244,Cyanocystis olivacea
Bud reef' Lagoon pinnacle across from Yavu Island,613660,Rhipilia penicilloides
Bud reef' Nananikita bud reef  eastern edge,613660,Rhipilia penicilloides
Heemskercq reef Outer slope of immerged barrier reef north of Nanuku Reef,613660,Rhipilia penicilloides
Ile Yanuca Along coast at northern tip of island,613660,Rhipilia penicilloides
Kandavu 'Pearl reef' Outer slope of barrier reef  eastern tip,613660,Rhipilia penicilloides
Kandavu 'Pearl reef' Outer slope of barrier reef southern tip,613660,Rhipilia penicilloides
Nagelelevu Lagoon' First small pass southwest of barrier reef before 'Rendell Channel',613660,Rhipilia penicilloides
"Nagelelevu Lagoon' Northwest tip of barrier reef, outer slope",613660,Rhipilia penicilloides
Nagelelevu Lagoon' Outer slope north of 'Toulalia' Island,613660,Rhipilia penicilloides
Nagelelevu Lagoon' Outer slope north of Ngelelevu Island,613660,Rhipilia penicilloides
Nanuku reef North-west of lagoon,613660,Rhipilia penicilloides
Nukusemanu reef Outer slope north of atoll,613660,Rhipilia penicilloides
Vanua Levu 'Great Barrier Reef' west of Ravi Ravi channel barrier reef outer slope,613660,Rhipilia penicilloides
Vanua Levu Kakaulevu Reef northern edge east of Kia Island,613660,Rhipilia penicilloides
Vanua Levu Outer slope of barrier reef west of 'Sau Sau Pass',613660,Rhipilia penicilloides
